"node_ID","eigenvector_centrality","betweeness","degree","network","animal","condition","replicate_num"
"1","0.703456633709421","0","14","guppy","guppy","low_risk","1"
"2","0.601036630286495","1","14","guppy","guppy","low_risk","1"
"3","0.802091973745408","0.1","14","guppy","guppy","low_risk","1"
"4","0.92429267848661","0","14","guppy","guppy","low_risk","1"
"5","1","0","14","guppy","guppy","low_risk","1"
"6","0.88338617948665","0","14","guppy","guppy","low_risk","1"
"7","0.679050803101983","0.9","14","guppy","guppy","low_risk","1"
"8","0.929640537527716","0","14","guppy","guppy","low_risk","1"
"1","0.854239121343847","0.25","10","guppy","guppy","low_risk","2"
"2","0.778543565477452","1","12","guppy","guppy","low_risk","2"
"3","0.439129720835276","0.75","8","guppy","guppy","low_risk","2"
"4","0.724341685384506","0.25","10","guppy","guppy","low_risk","2"
"5","1","0","12","guppy","guppy","low_risk","2"
"6","0.776933739845941","0.375","12","guppy","guppy","low_risk","2"
"7","0.663060968824428","0.625","12","guppy","guppy","low_risk","2"
"1","0.881919442106519","0","14","guppy","guppy","low_risk","3"
"2","0.699611632971006","1","14","guppy","guppy","low_risk","3"
"3","0.860088733193227","0","14","guppy","guppy","low_risk","3"
"4","0.779616281200556","0","14","guppy","guppy","low_risk","3"
"5","0.628011060467755","1","14","guppy","guppy","low_risk","3"
"6","1","0","14","guppy","guppy","low_risk","3"
"7","0.85259459737539","0","14","guppy","guppy","low_risk","3"
"8","0.875466230920823","0","14","guppy","guppy","low_risk","3"
"1","1","0","14","guppy","guppy","low_risk","4"
"2","0.712902814330768","0.333333333333333","14","guppy","guppy","low_risk","4"
"3","0.930902038944697","0","14","guppy","guppy","low_risk","4"
"4","0.624533599032043","1","14","guppy","guppy","low_risk","4"
"5","0.812902048050122","0.166666666666667","14","guppy","guppy","low_risk","4"
"6","0.877552118834088","0.333333333333333","14","guppy","guppy","low_risk","4"
"7","0.734674901283501","0.0833333333333333","14","guppy","guppy","low_risk","4"
"8","0.92166786154957","0","14","guppy","guppy","low_risk","4"
"1","0.878689592645373","0.166666666666667","14","guppy","guppy","low_risk","5"
"2","0.98749278379574","0","14","guppy","guppy","low_risk","5"
"3","0.594083043616786","0.666666666666667","14","guppy","guppy","low_risk","5"
"4","1","0","14","guppy","guppy","low_risk","5"
"5","0.827027827153473","0","14","guppy","guppy","low_risk","5"
"6","0.892302782842788","0","14","guppy","guppy","low_risk","5"
"7","0.531847259617863","1","14","guppy","guppy","low_risk","5"
"8","0.981832777244672","0","14","guppy","guppy","low_risk","5"
"1","1","0","14","guppy","guppy","low_risk","6"
"2","0.839333909647229","0.09375","14","guppy","guppy","low_risk","6"
"3","0.687548402519141","0.171875","14","guppy","guppy","low_risk","6"
"4","0.878057314256308","0","14","guppy","guppy","low_risk","6"
"5","0.457005930620863","1","14","guppy","guppy","low_risk","6"
"6","0.742806747486842","0.09375","14","guppy","guppy","low_risk","6"
"7","0.618295126181954","0.125","14","guppy","guppy","low_risk","6"
"8","0.939142650249741","0","14","guppy","guppy","low_risk","6"
"1","0.694302987773521","0","14","guppy","guppy","low_risk","7"
"2","1","0","14","guppy","guppy","low_risk","7"
"3","0.526362975661389","0.533333333333333","14","guppy","guppy","low_risk","7"
"4","0.604900160212934","0","14","guppy","guppy","low_risk","7"
"5","0.882158028577443","0","14","guppy","guppy","low_risk","7"
"6","0.912422684807126","0","14","guppy","guppy","low_risk","7"
"7","0.431715493945798","1","14","guppy","guppy","low_risk","7"
"8","0.901738756801125","0","14","guppy","guppy","low_risk","7"
"1","0.615109395907066","0.318181818181818","12","guppy","guppy","low_risk","8"
"2","0.631747555968644","0","12","guppy","guppy","low_risk","8"
"3","0.876009473794543","0","14","guppy","guppy","low_risk","8"
"4","1","0","14","guppy","guppy","low_risk","8"
"5","0.94045919790592","0","14","guppy","guppy","low_risk","8"
"6","0.49216393220033","1","14","guppy","guppy","low_risk","8"
"7","0.589398942606252","0.363636363636364","14","guppy","guppy","low_risk","8"
"8","0.857741237537291","0","14","guppy","guppy","low_risk","8"
"1","0.970398999949256","0","14","guppy","guppy","low_risk","9"
"2","0.949562613235204","0","14","guppy","guppy","low_risk","9"
"3","1","0","14","guppy","guppy","low_risk","9"
"4","0.685306491499902","1","14","guppy","guppy","low_risk","9"
"5","0.718119743408505","0.333333333333333","14","guppy","guppy","low_risk","9"
"6","0.913689906276724","0","14","guppy","guppy","low_risk","9"
"7","0.814051633699846","0.444444444444444","14","guppy","guppy","low_risk","9"
"8","0.802240732371951","0.111111111111111","14","guppy","guppy","low_risk","9"
"1","0.86083936291869","0.166666666666667","14","guppy","guppy","low_risk","10"
"2","1","0","14","guppy","guppy","low_risk","10"
"3","0.536952959353096","0.666666666666667","14","guppy","guppy","low_risk","10"
"4","0.946900329630923","0","14","guppy","guppy","low_risk","10"
"5","0.483666215591929","0.416666666666667","14","guppy","guppy","low_risk","10"
"6","0.506227156096453","1","14","guppy","guppy","low_risk","10"
"7","0.947680815501891","0","14","guppy","guppy","low_risk","10"
"8","0.9765646282088","0","14","guppy","guppy","low_risk","10"
"1","0.443344381233086","1","14","guppy","guppy","low_risk","11"
"2","0.634154360715167","0","14","guppy","guppy","low_risk","11"
"3","0.729975496009355","0","14","guppy","guppy","low_risk","11"
"4","0.980982826521797","0","14","guppy","guppy","low_risk","11"
"5","0.947947395651656","0","12","guppy","guppy","low_risk","11"
"6","0.774010733371733","0.875","14","guppy","guppy","low_risk","11"
"7","1","0","14","guppy","guppy","low_risk","11"
"8","0.41181177352606","0","12","guppy","guppy","low_risk","11"
"1","1","0","14","guppy","guppy","low_risk","12"
"2","0.536343089082604","0.230769230769231","14","guppy","guppy","low_risk","12"
"3","0.802387057235788","0","14","guppy","guppy","low_risk","12"
"4","0.317879939527597","1","14","guppy","guppy","low_risk","12"
"5","0.733358003229595","0","14","guppy","guppy","low_risk","12"
"6","0.58988594904798","0.115384615384615","14","guppy","guppy","low_risk","12"
"7","0.911379910600237","0","14","guppy","guppy","low_risk","12"
"8","0.46495709937604","0","14","guppy","guppy","low_risk","12"
"1","0.525124811190693","1","14","guppy","guppy","low_risk","13"
"2","1","0","14","guppy","guppy","low_risk","13"
"3","0.918148880187874","0","14","guppy","guppy","low_risk","13"
"4","0.907008107426074","0","14","guppy","guppy","low_risk","13"
"5","0.853076537354026","0","14","guppy","guppy","low_risk","13"
"6","0.904984088543072","0","14","guppy","guppy","low_risk","13"
"7","0.986193757722864","0","14","guppy","guppy","low_risk","13"
"8","0.679479581854504","0.333333333333333","14","guppy","guppy","low_risk","13"
"1","0.628405183350821","0.333333333333333","14","guppy","guppy","low_risk","14"
"2","0.619551931956732","1","14","guppy","guppy","low_risk","14"
"3","0.607595952537471","0.5","14","guppy","guppy","low_risk","14"
"4","0.717845430598106","0","14","guppy","guppy","low_risk","14"
"5","0.831848177933054","0","14","guppy","guppy","low_risk","14"
"6","1","0","14","guppy","guppy","low_risk","14"
"7","0.766102076593444","0","14","guppy","guppy","low_risk","14"
"8","0.782645898728543","0","14","guppy","guppy","low_risk","14"
"1","1","0","14","guppy","guppy","low_risk","15"
"2","0.775485728106095","0","14","guppy","guppy","low_risk","15"
"3","0.619499911804196","1","14","guppy","guppy","low_risk","15"
"4","0.870064625439928","0.181818181818182","14","guppy","guppy","low_risk","15"
"5","0.85515825991106","0","14","guppy","guppy","low_risk","15"
"6","0.822851016615417","0.181818181818182","14","guppy","guppy","low_risk","15"
"7","0.663354042696396","0.545454545454545","14","guppy","guppy","low_risk","15"
"8","0.989324700633812","0","14","guppy","guppy","low_risk","15"
"1","0.803958329983354","NaN","12","guppy","guppy","low_risk","16"
"2","0.811430150885644","NaN","12","guppy","guppy","low_risk","16"
"3","0.886044531834884","NaN","12","guppy","guppy","low_risk","16"
"4","0.847493437610281","NaN","12","guppy","guppy","low_risk","16"
"5","0.80185750586398","NaN","12","guppy","guppy","low_risk","16"
"6","0.725081377711322","NaN","12","guppy","guppy","low_risk","16"
"7","1","NaN","12","guppy","guppy","low_risk","16"
"1","0.865646255532058","0.25","14","guppy","guppy","high_risk","1"
"2","0.642618909975484","0.875","12","guppy","guppy","high_risk","1"
"3","0.501993188783013","0.25","12","guppy","guppy","high_risk","1"
"4","0.949503456146411","0","12","guppy","guppy","high_risk","1"
"5","1","0","12","guppy","guppy","high_risk","1"
"6","0.700675510600603","1","14","guppy","guppy","high_risk","1"
"7","0.827874869307625","0.25","14","guppy","guppy","high_risk","1"
"8","0.938739528647472","0","14","guppy","guppy","high_risk","1"
"1","0.714096538587005","0","13","guppy","guppy","high_risk","2"
"2","0.923312645280884","0","13","guppy","guppy","high_risk","2"
"3","0.62847191045438","0.117647058823529","13","guppy","guppy","high_risk","2"
"4","0.888716320951298","0","13","guppy","guppy","high_risk","2"
"5","0.915772500001066","0","13","guppy","guppy","high_risk","2"
"6","0.789300539272031","1","13","guppy","guppy","high_risk","2"
"7","0.589272314147355","0.823529411764706","13","guppy","guppy","high_risk","2"
"8","1","0","7","guppy","guppy","high_risk","2"
"1","0.72146161133644","0.6","14","guppy","guppy","high_risk","3"
"2","0.846150297457529","0.4","14","guppy","guppy","high_risk","3"
"3","0.979687687763088","0","14","guppy","guppy","high_risk","3"
"4","0.771887300673717","0","14","guppy","guppy","high_risk","3"
"5","0.874966421169459","0.2","14","guppy","guppy","high_risk","3"
"6","1","0","14","guppy","guppy","high_risk","3"
"7","0.891541886753544","1","14","guppy","guppy","high_risk","3"
"8","0.892131787473451","0.8","14","guppy","guppy","high_risk","3"
"1","0.756280568877816","0","14","guppy","guppy","high_risk","4"
"2","0.5494979984608","0.5","14","guppy","guppy","high_risk","4"
"3","0.954802002057233","0","14","guppy","guppy","high_risk","4"
"4","0.787668631629675","0","14","guppy","guppy","high_risk","4"
"5","0.931319149455997","0","14","guppy","guppy","high_risk","4"
"6","0.493285541817441","1","14","guppy","guppy","high_risk","4"
"7","1","0","14","guppy","guppy","high_risk","4"
"8","0.900251904684591","0","14","guppy","guppy","high_risk","4"
"1","1","0.0625","14","guppy","guppy","high_risk","5"
"2","0.930356148420427","0","14","guppy","guppy","high_risk","5"
"3","0.701869908612346","0","14","guppy","guppy","high_risk","5"
"4","0.416042808383574","1","14","guppy","guppy","high_risk","5"
"5","0.784988612224558","0","14","guppy","guppy","high_risk","5"
"6","0.923983757924839","0","14","guppy","guppy","high_risk","5"
"7","0.690975320295607","0","14","guppy","guppy","high_risk","5"
"8","0.702462793693024","0","14","guppy","guppy","high_risk","5"
"1","0.910539277295919","0","14","guppy","guppy","high_risk","6"
"2","0.614413564132952","0.1","14","guppy","guppy","high_risk","6"
"3","0.502847237504757","0.7","14","guppy","guppy","high_risk","6"
"4","0.268908712958986","1","12","guppy","guppy","high_risk","6"
"5","0.607700579081811","0","14","guppy","guppy","high_risk","6"
"6","0.804287799743641","0.3","14","guppy","guppy","high_risk","6"
"7","1","0","12","guppy","guppy","high_risk","6"
"8","0.664237214547124","0","14","guppy","guppy","high_risk","6"
"1","0.626267472449709","0.0983606557377049","12","guppy","guppy","high_risk","7"
"2","1","0","14","guppy","guppy","high_risk","7"
"3","0.345717643800199","1","14","guppy","guppy","high_risk","7"
"4","0.863293936442615","0","14","guppy","guppy","high_risk","7"
"5","0.865940436452066","0.131147540983607","14","guppy","guppy","high_risk","7"
"6","0.620778507839469","0","14","guppy","guppy","high_risk","7"
"7","0.346192235506864","0.295081967213115","12","guppy","guppy","high_risk","7"
"8","0.771129630106191","0","14","guppy","guppy","high_risk","7"
"1","0.958450394852779","0","12","guppy","guppy","high_risk","8"
"2","1","0","12","guppy","guppy","high_risk","8"
"3","0.88730349776594","0.333333333333333","12","guppy","guppy","high_risk","8"
"4","0.69688253318291","0.333333333333333","12","guppy","guppy","high_risk","8"
"5","0.70749890401349","1","12","guppy","guppy","high_risk","8"
"6","0.962117511939935","0","12","guppy","guppy","high_risk","8"
"7","0.678586707575903","1","12","guppy","guppy","high_risk","8"
"1","0.887878942505627","0","14","guppy","guppy","high_risk","9"
"2","1","0","14","guppy","guppy","high_risk","9"
"3","0.79646182183731","0","14","guppy","guppy","high_risk","9"
"4","0.948216399793792","0","14","guppy","guppy","high_risk","9"
"5","0.89006835549501","0","14","guppy","guppy","high_risk","9"
"6","0.731948282081943","0","14","guppy","guppy","high_risk","9"
"7","0.226023119211233","1","14","guppy","guppy","high_risk","9"
"8","0.66906660137714","0","14","guppy","guppy","high_risk","9"
"1","0.577045305536767","1","14","guppy","guppy","high_risk","10"
"2","0.985378348355183","0","14","guppy","guppy","high_risk","10"
"3","0.621465488586885","0.8","14","guppy","guppy","high_risk","10"
"4","0.788807920891894","0.2","14","guppy","guppy","high_risk","10"
"5","0.918664493291475","0","14","guppy","guppy","high_risk","10"
"6","1","0","14","guppy","guppy","high_risk","10"
"7","0.716867566044681","0.6","14","guppy","guppy","high_risk","10"
"8","0.9475434374534","0","14","guppy","guppy","high_risk","10"
"1","0.513921046676576","1","14","guppy","guppy","high_risk","11"
"2","0.756486260925188","0.107142857142857","14","guppy","guppy","high_risk","11"
"3","0.884295732247262","0","14","guppy","guppy","high_risk","11"
"4","0.770224898681531","0","14","guppy","guppy","high_risk","11"
"5","0.802457633673279","0.285714285714286","14","guppy","guppy","high_risk","11"
"6","0.962328011415262","0","14","guppy","guppy","high_risk","11"
"7","1","0","14","guppy","guppy","high_risk","11"
"8","0.732183560103965","0.142857142857143","14","guppy","guppy","high_risk","11"
"1","0.794089797074445","0","14","guppy","guppy","high_risk","12"
"2","0.625167973304242","0","14","guppy","guppy","high_risk","12"
"3","0.732752853963671","0","14","guppy","guppy","high_risk","12"
"4","0.461500845205574","1","14","guppy","guppy","high_risk","12"
"5","0.673535222772077","0","14","guppy","guppy","high_risk","12"
"6","0.862040575063169","0","14","guppy","guppy","high_risk","12"
"7","0.955707933135277","0","14","guppy","guppy","high_risk","12"
"8","1","0","14","guppy","guppy","high_risk","12"
"1","0.91663797089207","0","12","guppy","guppy","high_risk","13"
"2","0.820986500643992","1","12","guppy","guppy","high_risk","13"
"3","0.766057124717257","0.5","12","guppy","guppy","high_risk","13"
"4","0.984624489089243","0","12","guppy","guppy","high_risk","13"
"5","0.946295725629344","0","12","guppy","guppy","high_risk","13"
"6","1","0","12","guppy","guppy","high_risk","13"
"7","0.931994772687768","0","12","guppy","guppy","high_risk","13"
"1","0.850024966555048","0","14","guppy","guppy","high_risk","14"
"2","0.429360054092951","0.769230769230769","14","guppy","guppy","high_risk","14"
"3","1","0","14","guppy","guppy","high_risk","14"
"4","0.742376321421836","0","14","guppy","guppy","high_risk","14"
"5","0.719619421330398","0","14","guppy","guppy","high_risk","14"
"6","0.368374855483873","1","14","guppy","guppy","high_risk","14"
"7","0.503074689515357","0.0576923076923077","14","guppy","guppy","high_risk","14"
"8","0.679757270819804","0","14","guppy","guppy","high_risk","14"
"1","0.838690879456384","0","14","guppy","guppy","high_risk","15"
"2","0.704719071958036","0.222222222222222","14","guppy","guppy","high_risk","15"
"3","0.649091340218606","1","14","guppy","guppy","high_risk","15"
"4","0.85430267251796","0","14","guppy","guppy","high_risk","15"
"5","0.665557298559686","0.111111111111111","14","guppy","guppy","high_risk","15"
"6","0.897627613694623","0","14","guppy","guppy","high_risk","15"
"7","1","0","14","guppy","guppy","high_risk","15"
"8","0.845767917695107","0","14","guppy","guppy","high_risk","15"
"1","0.876441350082391","0","13","guppy","guppy","high_risk","16"
"2","0.865569480082154","0","13","guppy","guppy","high_risk","16"
"3","0.794867722230132","0","13","guppy","guppy","high_risk","16"
"4","0.847084574379424","0","13","guppy","guppy","high_risk","16"
"5","0.67109982730273","1","13","guppy","guppy","high_risk","16"
"6","0.903600713844239","0.125","13","guppy","guppy","high_risk","16"
"7","0.87632923942514","0","13","guppy","guppy","high_risk","16"
"8","1","0","7","guppy","guppy","high_risk","16"
"0007500eee","0.658609747606651","0.0369847994743167","23","mouse_LPS","mouse","before","1"
"00074dad20","0.821571627480528","0.269073265299454","27","mouse_LPS","mouse","before","1"
"00074dd73c","0.68442634483197","0.0180758102166992","21","mouse_LPS","mouse","before","1"
"00074dbe5f","0.634103066819636","0.0914718044225652","22","mouse_LPS","mouse","before","1"
"0007500b86","0.0737872791085157","0","3","mouse_LPS","mouse","before","1"
"00074db8a6","0.627476057833293","0","16","mouse_LPS","mouse","before","1"
"00074f8cd9","0.245365553691144","0.00182972652123245","12","mouse_LPS","mouse","before","1"
"00074f1859","0.515533225723827","0","12","mouse_LPS","mouse","before","1"
"00074ddf16","0.405130574427217","0.0391975342256881","14","mouse_LPS","mouse","before","1"
"00074def43","0.30378814005975","0","11","mouse_LPS","mouse","before","1"
"00075b3e1e","0.828800235197338","0.0780628859579381","23","mouse_LPS","mouse","before","1"
"00074ddfc1","0.30378814005975","0.0105209274970866","14","mouse_LPS","mouse","before","1"
"00074dd163","0.603247508994339","0.124421403443807","20","mouse_LPS","mouse","before","1"
"00074dbc2e","0.784703571011283","0.165630184678945","27","mouse_LPS","mouse","before","1"
"00074d93c4","0.736137173498029","0.0217461544884571","23","mouse_LPS","mouse","before","1"
"00074c0118","0.30378814005975","0.0105209274970866","14","mouse_LPS","mouse","before","1"
"00074d8c26","0.521156298906899","0.125715644524798","18","mouse_LPS","mouse","before","1"
"00074ecdad","0.736137173498029","0.0407695016536517","24","mouse_LPS","mouse","before","1"
"00074deca3","1","1","37","mouse_LPS","mouse","before","1"
"0007500d05","0.736137173498029","0.0337918540865708","24","mouse_LPS","mouse","before","1"
"00074d9e9e","0.68442634483197","0.0455217080351859","25","mouse_LPS","mouse","before","1"
"00074c35b2","0.975293286062932","0.251190204419026","34","mouse_LPS","mouse","before","2"
"00074dba19","0.874196112766411","0.212555529459452","33","mouse_LPS","mouse","before","2"
"00074de21a","0.857416301670373","0.444309579321779","34","mouse_LPS","mouse","before","2"
"00074d8817","0.870217730284357","0.274527159091479","33","mouse_LPS","mouse","before","2"
"00075b4194","0.892237758008347","0.409614646710013","34","mouse_LPS","mouse","before","2"
"00074fb4e4","0.944962608295024","0.456565305517387","35","mouse_LPS","mouse","before","2"
"000757c320","0.861886820525472","0.0634550690584235","27","mouse_LPS","mouse","before","2"
"00074f28be","0.888259375526294","0.335882289920937","33","mouse_LPS","mouse","before","2"
"00074dbf6d","0.617052503923584","0.211463589272644","29","mouse_LPS","mouse","before","2"
"00074c1ca9","0.403877697235167","0.00566998898713677","11","mouse_LPS","mouse","before","2"
"00074bf36d","0.926920963053087","0.0586310784280977","28","mouse_LPS","mouse","before","2"
"00074c3a40","0.975293286062931","0.251190204419026","34","mouse_LPS","mouse","before","2"
"00074db231","1","0.457996302737951","32","mouse_LPS","mouse","before","2"
"000757d390","0.823950851776865","0.0902945746201531","31","mouse_LPS","mouse","before","2"
"00074fb0a8","1","0.66743489594376","36","mouse_LPS","mouse","before","2"
"00075013dc","0.29492461657214","0","11","mouse_LPS","mouse","before","2"
"00074dcdfa","0.926920963053087","0.0207899596195015","26","mouse_LPS","mouse","before","2"
"00074f08c3","0.961338412473208","1","37","mouse_LPS","mouse","before","2"
"00074da4ac","0.790736577793972","0.129937247621884","22","mouse_LPS","mouse","before","2"
"00074c3272","0.756319128373852","0.022301956682738","28","mouse_LPS","mouse","before","2"
"00075e092e","1","0.334605005492668","25","mouse_LPS","mouse","before","3"
"00074da3ed","0.573033711647876","0.220661985957874","15","mouse_LPS","mouse","before","3"
"00075b6ff6","0.313321881889966","0.72162320294216","14","mouse_LPS","mouse","before","3"
"00075b350a","0.777212579238784","0.109960834885609","20","mouse_LPS","mouse","before","3"
"00074dea7e","0.95059125273916","0.16219292799032","23","mouse_LPS","mouse","before","3"
"00074dd3df","0.95059125273916","0.116221680915763","22","mouse_LPS","mouse","before","3"
"00074fbd36","0.0587798946510716","0","9","mouse_LPS","mouse","before","3"
"00074bfc0b","0.874660041191889","0.114251484612568","21","mouse_LPS","mouse","before","3"
"00075b5bcc","0.927218304591749","0.108778717103692","22","mouse_LPS","mouse","before","3"
"00075b30fe","0.733093769795064","0.000877632898696089","18","mouse_LPS","mouse","before","3"
"00074f2ddd","0.984078812919841","0.521011447039531","25","mouse_LPS","mouse","before","3"
"00075b22da","0.104128833910832","0.108163777045422","13","mouse_LPS","mouse","before","3"
"00074d966c","0.176910529319083","0.320463374249733","13","mouse_LPS","mouse","before","3"
"00074f2268","1","0.527710114470395","25","mouse_LPS","mouse","before","3"
"00075b1074","0.948429429489027","0.532173902660362","25","mouse_LPS","mouse","before","3"
"00075e0fbb","0.739591597174858","1","20","mouse_LPS","mouse","before","3"
"00074db5d6","0.848060504589122","0.27395813924601","14","mouse_LPS","mouse","before","4"
"00074fae3c","0.494555483392839","0","8","mouse_LPS","mouse","before","4"
"00074d9179","1","0.534376746785914","18","mouse_LPS","mouse","before","4"
"00074d9afd","0.840417363572185","1","16","mouse_LPS","mouse","before","4"
"00075b3e57","0.116985306231773","0","4","mouse_LPS","mouse","before","4"
"00074c10b5","0.855192557503277","0.796099621141544","16","mouse_LPS","mouse","before","4"
"00074da082","0.455914752174912","0.0935345630706167","8","mouse_LPS","mouse","before","4"
"00075d3941","0.93219363203034","0.827402024718961","19","mouse_LPS","mouse","before","4"
"00075d3e96","0.64746824280151","0.34004099124278","15","mouse_LPS","mouse","before","4"
"00074f3088","0.675057877349506","0.103099186385939","11","mouse_LPS","mouse","before","4"
"00075d8601","0.615873650201903","0.00745295323271846","7","mouse_LPS","mouse","before","4"
"00074fd569","0.858340755510047","0.258741693062543","15","mouse_LPS","mouse","before","4"
"7500319","0.958817313273747","0.639649711198062","18","mouse_LPS","mouse","before","4"
"00074f96dc","0.93219363203034","0.342711632817837","15","mouse_LPS","mouse","before","4"
"00074fc27f","0.314628260000017","0.0709115083468755","6","mouse_LPS","mouse","before","5"
"00074da4b8","0.117642812781296","0.0551533953809031","6","mouse_LPS","mouse","before","5"
"00074dc50c","0.210218108069534","0.23287536317526","17","mouse_LPS","mouse","before","5"
"00074db632","0.0455146346337156","0.26345595114985","5","mouse_LPS","mouse","before","5"
"00075b102a","1","1","21","mouse_LPS","mouse","before","5"
"00075007ca","0.772441708854251","0.154183286551436","16","mouse_LPS","mouse","before","5"
"00075b6cb7","0.244062869363473","0.0103412616339193","4","mouse_LPS","mouse","before","5"
"00075d1f3d","0.476272970842116","0.00295464618111981","7","mouse_LPS","mouse","before","5"
"00075d804d","0.25006126897073","0","8","mouse_LPS","mouse","before","5"
"00074ddd3d","0.0902138380435086","0","2","mouse_LPS","mouse","before","5"
"00075e0837","0.630909434063401","0.073619934012902","8","mouse_LPS","mouse","before","5"
"00074d8e0a","0.075308268970647","0.175309006746442","8","mouse_LPS","mouse","before","5"
"00074dd007","0.13519477794893","0.21667405328212","7","mouse_LPS","mouse","before","5"
"00074d84fc","0.30751347831274","0","5","mouse_LPS","mouse","before","5"
"00074c38cd","0.282339588574178","0.00172354360565322","8","mouse_LPS","mouse","before","5"
"00075b260c","0.447337281100761","0.915940316147142","12","mouse_LPS","mouse","before","5"
"00074de2a9","0.534575311010801","0.0103412616339193","10","mouse_LPS","mouse","before","5"
"00074dcf5f","0.123084391833118","0.443196927167972","4","mouse_LPS","mouse","before","5"
"00074fabaa","0.417358480036016","0.107056679962574","13","mouse_LPS","mouse","before","5"
"000758024a","0.0151873055684903","0.00590929236223962","5","mouse_LPS","mouse","before","5"
"00075a5cfb","0.117478365990299","0.0733737134978086","3","mouse_LPS","mouse","before","5"
"00074ed83b","0.0423943703250749","0","4","mouse_LPS","mouse","before","5"
"00075e04f6","0.0423943703250749","0","2","mouse_LPS","mouse","before","5"
"00075b4150","0.105401143611999","0.0374255182941843","3","mouse_LPS","mouse","before","5"
"00074db3a3","0.467520259242301","0.0871128182400158","12","mouse_LPS","mouse","before","5"
"00074ddab8","0.668181647256181","0.166445068203083","10","mouse_LPS","mouse","before","5"
"00074bf097","0.467800594613915","0.367511616997004","28","mouse_LPS","mouse","before","6"
"00075a48d8","0.0704432868171767","0.000716171995577095","5","mouse_LPS","mouse","before","6"
"00075a98e5","0.881924071772438","0.0177655867781628","27","mouse_LPS","mouse","before","6"
"000757d790","0.881924071772438","0.0095853110953489","26","mouse_LPS","mouse","before","6"
"00075a7723","0.887134515634096","0.0376154872555747","28","mouse_LPS","mouse","before","6"
"00075a3e22","0.211643071965255","0.273436999832532","18","mouse_LPS","mouse","before","6"
"7.57E+148","0.17885318607985","0.0128060957087914","10","mouse_LPS","mouse","before","6"
"00075a81b6","0.630749769691488","0.172283492705716","18","mouse_LPS","mouse","before","6"
"00075a6151","0.881924071772437","0.0177655867781628","27","mouse_LPS","mouse","before","6"
"000757e8b3","0.847322495854889","0.0064520586146991","25","mouse_LPS","mouse","before","6"
"00075a341a","0.0457812740034503","0.00910732054375539","15","mouse_LPS","mouse","before","6"
"00075b4d7f","0.881924071772437","0.134915410321341","27","mouse_LPS","mouse","before","6"
"00075d67e2","0.128840678693296","0.0873755153816021","17","mouse_LPS","mouse","before","6"
"00074dda10","1","1","40","mouse_LPS","mouse","before","6"
"7.57E+71","0.0489661304506068","0.0103725577359416","15","mouse_LPS","mouse","before","6"
"00075a0c04","0.111032477794777","0.0138062045814029","11","mouse_LPS","mouse","before","6"
"00075b19c5","0.84732249585489","0.00818027568281393","25","mouse_LPS","mouse","before","6"
"00075b6df8","0.112682280928848","0.072235892587222","15","mouse_LPS","mouse","before","6"
"00074bd70a","0.0798745482426895","0.0313245673398804","6","mouse_LPS","mouse","before","6"
"000757fa08","0.122932637368167","0.0472912241079409","12","mouse_LPS","mouse","before","6"
"00075d8c6a","0.0489661304506068","0.00602181286281074","14","mouse_LPS","mouse","before","6"
"00074fb7c2","0.852532939716547","0.0174626604921548","25","mouse_LPS","mouse","before","6"
"00075a778b","0.881924071772437","0.00313325248064979","25","mouse_LPS","mouse","before","6"
"00075e05f2","0.0548741717757365","0.0176417034910491","16","mouse_LPS","mouse","before","6"
"00074de544","0.847322495854889","0.014632334297513","26","mouse_LPS","mouse","before","6"
"00075a82ac","0.847322495854889","0","24","mouse_LPS","mouse","before","6"
"00075d5961","0.91691106030819","0.167294884542585","31","mouse_LPS","mouse","before","6"
"00074d8ad8","0.903745638615407","0.633600494110721","31","mouse_LPS","mouse","before","7"
"00075b0d29","0.744926226533794","0.141347513281638","23","mouse_LPS","mouse","before","7"
"00075a7c79","0.744926226533794","0.177016130977944","24","mouse_LPS","mouse","before","7"
"00075b4ca0","0.817406766072401","0.066299622179009","26","mouse_LPS","mouse","before","7"
"00075b135d","1","1","34","mouse_LPS","mouse","before","7"
"00074da036","0.758290648122518","0.0440067361188182","24","mouse_LPS","mouse","before","7"
"00075b9048","0.744926226533794","0.177016130977944","24","mouse_LPS","mouse","before","7"
"00074da6b4","0.817406766072401","0.066299622179009","26","mouse_LPS","mouse","before","7"
"00074db098","0.900558267374456","0.700001447590004","32","mouse_LPS","mouse","before","7"
"000757cfa9","0.96358887126917","0.627332429393798","31","mouse_LPS","mouse","before","7"
"00074d9c87","0.68896382111184","0.0312100404842671","24","mouse_LPS","mouse","before","7"
"00075a6708","1","1","34","mouse_LPS","mouse","before","7"
"00074daa3c","0.999999999999999","0.707002957908908","32","mouse_LPS","mouse","before","7"
"00075b7c89","0.914861502870247","0.446711799306122","30","mouse_LPS","mouse","before","7"
"00074db688","0.950398433497968","0.911943100062246","33","mouse_LPS","mouse","before","7"
"00074be0ac","0.817406766072401","0.066299622179009","26","mouse_LPS","mouse","before","7"
"00074dca60","0.556640048919472","0","16","mouse_LPS","mouse","before","7"
"00074da5e8","0.96358887126917","0.560564753113525","32","mouse_LPS","mouse","before","7"
"00074bf097","0.506930588604578","0.362823498085737","18","mouse_LPS","mouse","before","8"
"00075a48d8","0.988455545614573","0.12505223175045","27","mouse_LPS","mouse","before","8"
"00075a98e5","0.850584809012774","0.0117612686246355","24","mouse_LPS","mouse","before","8"
"000757d790","0.658147857186181","0.0115651688873821","20","mouse_LPS","mouse","before","8"
"00075a7723","1","0.0799790862671252","27","mouse_LPS","mouse","before","8"
"00075a3e22","0.121312435393469","0.0715884208664749","11","mouse_LPS","mouse","before","8"
"7.57E+148","0.0770351399241078","0.00324522424865018","8","mouse_LPS","mouse","before","8"
"00075a81b6","0.94975469410723","0.0747974072554947","27","mouse_LPS","mouse","before","8"
"00075a6151","1","0.0672759548110005","28","mouse_LPS","mouse","before","8"
"000757e8b3","0.923656507661384","0.0542605749141119","26","mouse_LPS","mouse","before","8"
"00075a341a","0.0890393193770057","0.0472837219038865","12","mouse_LPS","mouse","before","8"
"00075b4d7f","0.877290036263457","0.0398035310518736","27","mouse_LPS","mouse","before","8"
"00074dda10","0.957143777553518","1","32","mouse_LPS","mouse","before","8"
"7.57E+71","0.178815076295762","0.1357219035114","15","mouse_LPS","mouse","before","8"
"00075b19c5","0.736009929074632","0.00512506489155723","22","mouse_LPS","mouse","before","8"
"00075b6df8","0.0934292718021801","0.00713412934000783","9","mouse_LPS","mouse","before","8"
"00074bd70a","0.15723955546875","0.053268421167631","12","mouse_LPS","mouse","before","8"
"000757fa08","0.121312435393469","0","8","mouse_LPS","mouse","before","8"
"00074fb7c2","0.724603051586226","0.0094881969674096","24","mouse_LPS","mouse","before","8"
"00075d8c6a","0.0891382380221742","0","6","mouse_LPS","mouse","before","8"
"00075a778b","0.932265977233119","0.139522511474172","27","mouse_LPS","mouse","before","8"
"00075e05f2","0.121312435393469","0.0751612326868602","11","mouse_LPS","mouse","before","8"
"00074de544","0.999999999999999","0.0532490764470002","23","mouse_LPS","mouse","before","8"
"00075a82ac","0.650196415796196","0.00655609193988416","19","mouse_LPS","mouse","before","8"
"00075d5961","0.850584809012774","0.0129336873024241","25","mouse_LPS","mouse","before","8"
"00074ff562","0.935099235592065","0.032","25","mouse_LPS","mouse","before","9"
"00074f5a1c","0.852718840445","0","13","mouse_LPS","mouse","before","9"
"00074ee5e3","0.935099235592066","0.032","25","mouse_LPS","mouse","before","9"
"00075b3038","0.935099235592066","0.032","25","mouse_LPS","mouse","before","9"
"00074f75b7","0.935099235592066","0.032","25","mouse_LPS","mouse","before","9"
"00075d0801","0.935099235592066","0.032","25","mouse_LPS","mouse","before","9"
"00074ed1e1","1","0.968","25","mouse_LPS","mouse","before","9"
"00075d4864","0.935099235592066","0.032","25","mouse_LPS","mouse","before","9"
"00074f0477","0.935099235592066","0.032","25","mouse_LPS","mouse","before","9"
"00075b5bfa","0.935099235592066","0.032","25","mouse_LPS","mouse","before","9"
"00075a3dcf","0.935099235592066","0.032","25","mouse_LPS","mouse","before","9"
"00075b25de","0.935099235592066","0","24","mouse_LPS","mouse","before","9"
"00075b38ca","1","1","26","mouse_LPS","mouse","before","9"
"00075b39cc","0.935099235592066","0.032","25","mouse_LPS","mouse","before","9"
"00074d93c4","0.433884533590426","0.0509259259259259","12","mouse_LPS","mouse","before","10"
"00074c0118","0.728537208150588","0.0324074074074074","8","mouse_LPS","mouse","before","10"
"00074dad20","0.345583125190487","1","11","mouse_LPS","mouse","before","10"
"00074dd73c","0.736519572742014","0.0555555555555556","10","mouse_LPS","mouse","before","10"
"00074d8c26","0.0603332315138864","0","2","mouse_LPS","mouse","before","10"
"00074dbe5f","0.517338942816182","0.0962962962962963","10","mouse_LPS","mouse","before","10"
"00074ddf16","0.78224181291872","0.05","10","mouse_LPS","mouse","before","10"
"00074ecdad","1","0.517592592592593","16","mouse_LPS","mouse","before","10"
"00074f1859","0.787885196114997","0.772222222222222","16","mouse_LPS","mouse","before","10"
"00074def43","0.698551416735119","0.0740740740740741","10","mouse_LPS","mouse","before","10"
"00075b3e1e","0.697364960848412","0.628703703703704","15","mouse_LPS","mouse","before","10"
"00075b525f","1","0.89968152866242","19","mouse_LPS","mouse","before","11"
"00075b16a9","1","1","20","mouse_LPS","mouse","before","11"
"00075b6658","0.802032523965777","0.253307202351788","16","mouse_LPS","mouse","before","11"
"00075b22cb","0.913031814656105","0.33219010289074","16","mouse_LPS","mouse","before","11"
"00075b3651","0.544635926266247","0","14","mouse_LPS","mouse","before","11"
"00074ee6e0","0.915392496802496","0.670749632533072","19","mouse_LPS","mouse","before","11"
"00074d99f3","0.816957198720518","0.322390984811367","16","mouse_LPS","mouse","before","11"
"00075b3362","0.792750714584601","0.135350318471338","14","mouse_LPS","mouse","before","11"
"00075d7b9e","0.828201520457316","0.549485546300833","18","mouse_LPS","mouse","before","11"
"00074dd62e","0.814869703890908","0.3843704066634","17","mouse_LPS","mouse","before","11"
"00075b7157","0.941872917898039","0.206883880450759","15","mouse_LPS","mouse","before","11"
"00075e092e","0.923828837644569","0.868098737516488","23","mouse_LPS","mouse","before","12"
"00074da3ed","0.671461721487983","0.511776898436028","19","mouse_LPS","mouse","before","12"
"00074dd3df","0.879494534191892","0.125494629734313","19","mouse_LPS","mouse","before","12"
"00075b350a","0.923828837644569","0.868098737516488","23","mouse_LPS","mouse","before","12"
"00074fbd36","0.962888249977224","0.10288298473714","21","mouse_LPS","mouse","before","12"
"00074bfc0b","1","1","24","mouse_LPS","mouse","before","12"
"00075a54f0","0.428503127561889","0","10","mouse_LPS","mouse","before","12"
"00075b5bcc","1","1","24","mouse_LPS","mouse","before","12"
"00075b22da","0.962888249977225","0.10288298473714","21","mouse_LPS","mouse","before","12"
"00074f2ddd","0.962888249977225","0.244205765969474","22","mouse_LPS","mouse","before","12"
"00074f2268","0.962888249977225","0.244205765969474","22","mouse_LPS","mouse","before","12"
"00075b1074","0.962888249977224","0.0765027322404371","20","mouse_LPS","mouse","before","12"
"00074eea3a","0.904734369748835","0.0791407574901074","20","mouse_LPS","mouse","before","12"
"0007500eee","0.657388117376283","0.0428636402748583","24","mouse_LPS","mouse","after","1"
"00074dad20","0.863780153163399","0.0782780789418692","23","mouse_LPS","mouse","after","1"
"00074dd73c","0.786068760066442","0","22","mouse_LPS","mouse","after","1"
"00074dbe5f","0.771143350467654","0.308188646057879","30","mouse_LPS","mouse","after","1"
"0007500b86","0.248130367203782","0.0116280629058591","7","mouse_LPS","mouse","after","1"
"00074db8a6","0.996358541317697","0.239234361537714","27","mouse_LPS","mouse","after","1"
"00074debd9","0.502366023542042","0.0586096611652536","11","mouse_LPS","mouse","after","1"
"00074f8cd9","0.0747536868379476","0.0040497909731232","15","mouse_LPS","mouse","after","1"
"00074f1859","0.914859472639057","0.0240495451248853","23","mouse_LPS","mouse","after","1"
"00074def43","0.207509358312751","0.0484684213525899","15","mouse_LPS","mouse","after","1"
"00075b3e1e","0.976596634212855","0.310174429324778","28","mouse_LPS","mouse","after","1"
"00074ddfc1","0.468664595382405","0.309012796400782","19","mouse_LPS","mouse","after","1"
"00074dd163","0.441803672822777","0.10962372927192","18","mouse_LPS","mouse","after","1"
"00074dbc2e","0.89867469512532","0.20838711263537","29","mouse_LPS","mouse","after","1"
"00074d93c4","0.842978524008034","0.0451991985347445","26","mouse_LPS","mouse","after","1"
"00074c0118","0.207509358312751","0.0918729277507903","19","mouse_LPS","mouse","after","1"
"00074d8c26","0.260292273614028","0.0279954093429035","15","mouse_LPS","mouse","after","1"
"00074facd9","0.447392248981457","0.0185118135665762","14","mouse_LPS","mouse","after","1"
"00074ecdad","0.786068760066442","0.0398704379786358","25","mouse_LPS","mouse","after","1"
"00074deca3","1","1","36","mouse_LPS","mouse","after","1"
"0007500d05","0.904095338611659","0.237237403350911","30","mouse_LPS","mouse","after","1"
"00074d9e9e","0.676743864705419","0.215479275552292","28","mouse_LPS","mouse","after","1"
"00074c35b2","0.728334497917482","0.0381360102352131","22","mouse_LPS","mouse","after","2"
"00074fb4e4","0.891287406595672","0.976527900797166","27","mouse_LPS","mouse","after","2"
"00074bf36d","0.7749359100709","0","21","mouse_LPS","mouse","after","2"
"00074dba19","1","1","30","mouse_LPS","mouse","after","2"
"00074c3a40","0.149655304093631","0.0191910245054621","11","mouse_LPS","mouse","after","2"
"00074db231","0.915607773286787","0.405324279106387","26","mouse_LPS","mouse","after","2"
"00075013dc","0.400377180932149","0.948627103631532","12","mouse_LPS","mouse","after","2"
"00074dbf6d","0.886350908679083","0.0631827576025982","17","mouse_LPS","mouse","after","2"
"00074dcdfa","0.857014977927158","0.402396417675426","23","mouse_LPS","mouse","after","2"
"000757d390","0.926904373021487","0.258488337762031","26","mouse_LPS","mouse","after","2"
"00074de21a","0.997297594796145","0.46058458813109","28","mouse_LPS","mouse","after","2"
"00074f08c3","0.895838176237157","0.199143785060526","26","mouse_LPS","mouse","after","2"
"00074f28be","0.0342724286685142","0.00413345143194567","6","mouse_LPS","mouse","after","2"
"00074da4ac","0.847916956715984","0.331365023127645","25","mouse_LPS","mouse","after","2"
"00074c1ca9","0.492363355748776","0.0525292786143096","14","mouse_LPS","mouse","after","2"
"00075b4194","0.988199573584971","0.736000393662041","28","mouse_LPS","mouse","after","2"
"00074fb0a8","0.895838176237157","0.199143785060526","26","mouse_LPS","mouse","after","2"
"00075e092e","0.956227181953849","0.650316844752542","30","mouse_LPS","mouse","after","3"
"00074da3ed","0.574225699705419","0.043542574922931","14","mouse_LPS","mouse","after","3"
"00075b6ff6","0.636946326763175","0.221454854475729","23","mouse_LPS","mouse","after","3"
"00074dea7e","0.859782910898222","0.518276955921736","28","mouse_LPS","mouse","after","3"
"00074dd3df","0.481316681650827","0.129683798387992","18","mouse_LPS","mouse","after","3"
"00074fbd36","0.570478542623232","0.203733979820289","20","mouse_LPS","mouse","after","3"
"00075b2556","0.586996132954533","0","15","mouse_LPS","mouse","after","3"
"00074bfc0b","0.775264581896825","0.550718493858988","28","mouse_LPS","mouse","after","3"
"00075b350a","0.550233494584051","0.268198230030192","23","mouse_LPS","mouse","after","3"
"00075b5bcc","0.856364904909187","1","31","mouse_LPS","mouse","after","3"
"00075b30fe","1","0.459817442206568","27","mouse_LPS","mouse","after","3"
"00074f2ddd","0.879997890808213","0.441084601607773","27","mouse_LPS","mouse","after","3"
"00075b22da","0.679679229440879","0.0967918659977482","22","mouse_LPS","mouse","after","3"
"00074d966c","0.63414393689955","0.0345980195193152","19","mouse_LPS","mouse","after","3"
"00074f2268","0.852700522310883","0.544640815815924","29","mouse_LPS","mouse","after","3"
"00075b1074","0.746760844866844","0.450087784761256","28","mouse_LPS","mouse","after","3"
"00074eea3a","0.771099398134401","0.0877351531596043","21","mouse_LPS","mouse","after","3"
"00075e0fbb","0.706098641759129","0.166586143380339","23","mouse_LPS","mouse","after","3"
"00075b26f1","0.0603114088471099","0.0365667851701371","12","mouse_LPS","mouse","after","4"
"00074db5d6","0.947167393960248","0.939182326053834","25","mouse_LPS","mouse","after","4"
"00074fae3c","0.92267346547924","0.319505913081332","21","mouse_LPS","mouse","after","4"
"00074d9179","0.92267346547924","0.302183849669883","19","mouse_LPS","mouse","after","4"
"00074dc4a5","0.185908770744679","0","4","mouse_LPS","mouse","after","4"
"00075b3e57","0.92267346547924","0.0224007835739679","20","mouse_LPS","mouse","after","4"
"00074c10b5","0.147000015186994","0.250743669738083","14","mouse_LPS","mouse","after","4"
"00074da082","0.8070139907931","0.42160632663426","22","mouse_LPS","mouse","after","4"
"00075d3941","0.947167393960248","0.148425596749619","23","mouse_LPS","mouse","after","4"
"00075d3e96","0.06031140884711","0.0365667851701371","12","mouse_LPS","mouse","after","4"
"00074ecf28","0.848812267759865","0.0173220634114489","19","mouse_LPS","mouse","after","4"
"00074f3088","1","0.907766814191395","25","mouse_LPS","mouse","after","4"
"00074d9afd","0.953142629509532","0.299916563883044","22","mouse_LPS","mouse","after","4"
"00074fd569","0.862720571424732","0.314445331205108","23","mouse_LPS","mouse","after","4"
"7500319","0.391344964107184","1","12","mouse_LPS","mouse","after","4"
"00074f96dc","0.947167393960248","0.148425596749619","23","mouse_LPS","mouse","after","4"
"00074da4b8","0.612896874766104","0.0856980703745744","9","mouse_LPS","mouse","after","5"
"00074ddd3d","0.67237788294173","0.0425652667423383","8","mouse_LPS","mouse","after","5"
"00075b58f8","0.622487362606122","0","6","mouse_LPS","mouse","after","5"
"00074d8e0a","1","1","16","mouse_LPS","mouse","after","5"
"00074db632","0.774405268971848","0.192962542565267","11","mouse_LPS","mouse","after","5"
"00074dcf5f","0.433845094674772","0.0227014755959137","6","mouse_LPS","mouse","after","5"
"00074dd007","0.493178358258461","0.280363223609535","11","mouse_LPS","mouse","after","5"
"00075b4150","0.381011935807946","0.0993189557321226","8","mouse_LPS","mouse","after","5"
"00075e0965","0.749582187900559","0.156072644721907","10","mouse_LPS","mouse","after","5"
"00075b260c","0.18403693928457","0.0147559591373439","8","mouse_LPS","mouse","after","5"
"00074d945b","0.379117159737863","0.203178206583428","9","mouse_LPS","mouse","after","5"
"00074bf097","0.291350177504743","0.776995298650836","25","mouse_LPS","mouse","after","6"
"00075a48d8","0.869941360394224","0.0146698803380447","25","mouse_LPS","mouse","after","6"
"00075a98e5","0.912748212412208","0.0278921535863926","26","mouse_LPS","mouse","after","6"
"000757d790","0.552637936447801","0.0834712521752939","16","mouse_LPS","mouse","after","6"
"00075a7723","0.935315942767499","0.179867255649273","28","mouse_LPS","mouse","after","6"
"00075a3e22","0.189024583157831","0","14","mouse_LPS","mouse","after","6"
"7.57E+148","0.0185841760299775","0.0178982294831942","6","mouse_LPS","mouse","after","6"
"00075a81b6","0.22133817769682","0.195084100333814","12","mouse_LPS","mouse","after","6"
"00075a6151","1","0.205122690490473","28","mouse_LPS","mouse","after","6"
"000757e8b3","0.912748212412208","0.0301921869902995","26","mouse_LPS","mouse","after","6"
"00075a341a","0.206455998588549","0.164563303695774","18","mouse_LPS","mouse","after","6"
"00075b4d7f","0.869941360394223","0.0187270458601647","25","mouse_LPS","mouse","after","6"
"00075d67e2","0.222161146521741","0.0263744947178967","17","mouse_LPS","mouse","after","6"
"00074dda10","0.835073410561065","1","27","mouse_LPS","mouse","after","6"
"7.57E+71","0.205016484540157","0.0367421579801775","18","mouse_LPS","mouse","after","6"
"00075a0c04","0.65947179124546","0.0203087831837329","20","mouse_LPS","mouse","after","6"
"00075b19c5","0.977432269644708","0.0684411449968047","27","mouse_LPS","mouse","after","6"
"00075b6df8","0.192967080024397","0.0585019917696772","17","mouse_LPS","mouse","after","6"
"000757fa08","0.109698846761919","0","14","mouse_LPS","mouse","after","6"
"00075d8c6a","0.205016484540157","0.0367421579801775","18","mouse_LPS","mouse","after","6"
"00074fb7c2","0.844998695477598","0.0259446111184533","25","mouse_LPS","mouse","after","6"
"00075a778b","0.892509090749516","0.109829805623015","24","mouse_LPS","mouse","after","6"
"00075e05f2","0.190005676565279","0.0474162977747047","17","mouse_LPS","mouse","after","6"
"00074de544","0.81885925126626","0.0131987929832616","24","mouse_LPS","mouse","after","6"
"00075a82ac","0.662358189028388","0.00401230135842519","21","mouse_LPS","mouse","after","6"
"00075d5961","0.874648601077888","0.434462386810753","26","mouse_LPS","mouse","after","6"
"00075b135d","1","0.203801570848784","28","mouse_LPS","mouse","after","7"
"00074da6b4","0.374800308920149","0.731466612163859","19","mouse_LPS","mouse","after","7"
"00074d8697","0.46715194709691","0.00613156588513533","9","mouse_LPS","mouse","after","7"
"00075b9048","0.890334347438221","0.0286299002757878","25","mouse_LPS","mouse","after","7"
"00074db098","0.917335291188221","0.0502363705376932","26","mouse_LPS","mouse","after","7"
"00074d9c87","0.523989741288071","0.0617403560555185","15","mouse_LPS","mouse","after","7"
"00075b4ca0","0.623479720754324","0.606324272241526","21","mouse_LPS","mouse","after","7"
"00074dca60","0.682112120090758","0.0244094718093959","23","mouse_LPS","mouse","after","7"
"000757b515","0.0290971263092574","0","3","mouse_LPS","mouse","after","7"
"00075a6708","0.895376506168457","1","33","mouse_LPS","mouse","after","7"
"00074d8ad8","0.555365625465699","0.529724822755276","25","mouse_LPS","mouse","after","7"
"00075b0d29","0.890334347438221","0.00702343001388229","22","mouse_LPS","mouse","after","7"
"00075a7c79","0.890334347438222","0.0646893472669408","26","mouse_LPS","mouse","after","7"
"00074daa3c","0.962251318386426","0.153055563666092","27","mouse_LPS","mouse","after","7"
"00074db688","0.917335291188222","0.446072745322359","31","mouse_LPS","mouse","after","7"
"000757cfa9","0.969513567850234","0.986380491533927","34","mouse_LPS","mouse","after","7"
"00074da5e8","0.890334347438222","0.206328519213567","29","mouse_LPS","mouse","after","7"
"00074da036","0.509971791735857","0","10","mouse_LPS","mouse","after","7"
"00075b7c89","1","0.298010028162733","30","mouse_LPS","mouse","after","7"
"00074be0ac","0.898110849284","0.445488786666631","32","mouse_LPS","mouse","after","7"
"00074bf097","0.338878387048509","0.183971833173687","16","mouse_LPS","mouse","after","8"
"00075a48d8","0.621014603539287","0.113475237528154","20","mouse_LPS","mouse","after","8"
"00075a98e5","0.885694492239078","0.0232680767338908","26","mouse_LPS","mouse","after","8"
"000757d790","0.841043969191044","0.0685354803634763","25","mouse_LPS","mouse","after","8"
"00075a7723","0.885694492239079","0.0317114971393067","27","mouse_LPS","mouse","after","8"
"00075a3e22","0.301256726609608","0.0303456131721335","19","mouse_LPS","mouse","after","8"
"7.57E+148","0.0513209091945976","0.0638488104175836","8","mouse_LPS","mouse","after","8"
"00075a81b6","1","1","41","mouse_LPS","mouse","after","8"
"00075a6151","0.96756895327601","0.317461878996557","33","mouse_LPS","mouse","after","8"
"000757e8b3","0.967539689421122","0.16939446501152","31","mouse_LPS","mouse","after","8"
"00075a341a","0.305419238705677","0.350810780024335","24","mouse_LPS","mouse","after","8"
"00075b4d7f","0.895099260196722","0.0293512827814741","26","mouse_LPS","mouse","after","8"
"00075d67e2","0.234545281398783","0.347568902581096","20","mouse_LPS","mouse","after","8"
"00074dda10","0.979166293101204","0.557551764309939","35","mouse_LPS","mouse","after","8"
"7.57E+71","0.405876894242611","0.180333549071893","20","mouse_LPS","mouse","after","8"
"00075a0c04","0.130804699383076","0.0934885960597509","18","mouse_LPS","mouse","after","8"
"00075b6df8","0.487553050588434","0.0742624589018044","16","mouse_LPS","mouse","after","8"
"00074bd70a","0.0181700592513985","0","5","mouse_LPS","mouse","after","8"
"000757fa08","0.230855343310725","0.0285230538224558","21","mouse_LPS","mouse","after","8"
"00075d8c6a","0.301633266242889","0.0860566960934062","23","mouse_LPS","mouse","after","8"
"00074fb7c2","0.706585221180287","0.0155176430993864","24","mouse_LPS","mouse","after","8"
"00075a778b","0.744515186008031","0.00551862686721724","24","mouse_LPS","mouse","after","8"
"00075e05f2","0.300422885849327","0.0659629792632097","23","mouse_LPS","mouse","after","8"
"00074de544","0.984403333904229","0.18274885442825","30","mouse_LPS","mouse","after","8"
"00075a82ac","0.885694492239078","0.00584482356900614","25","mouse_LPS","mouse","after","8"
"00075d5961","0.954519112392667","0.250353586869288","28","mouse_LPS","mouse","after","8"
"00074ff562","1","0.509858958020788","25","mouse_LPS","mouse","after","9"
"00074f5a1c","0.273664291557247","0.050136310109532","7","mouse_LPS","mouse","after","9"
"00075d0801","0.976503407706182","0.140122490899217","24","mouse_LPS","mouse","after","9"
"00074ee5e3","0.540306262176763","0.0560511472095412","18","mouse_LPS","mouse","after","9"
"00075b3038","0.840573603374715","0.215773257408333","22","mouse_LPS","mouse","after","9"
"00074f75b7","0.89882217341317","0.0223580842380346","21","mouse_LPS","mouse","after","9"
"00074ed1e1","0.976503407706182","0.140122490899217","24","mouse_LPS","mouse","after","9"
"00075d2329","0.0866272826850205","0","5","mouse_LPS","mouse","after","9"
"00075d4864","0.765047091586024","0.265812779274411","20","mouse_LPS","mouse","after","9"
"00074f0477","0.904751620331045","0.354040640308002","20","mouse_LPS","mouse","after","9"
"00075b5bfa","0.976503407706182","0.140122490899217","24","mouse_LPS","mouse","after","9"
"00075a3dcf","0.918366998050476","0.0758873599931173","21","mouse_LPS","mouse","after","9"
"00075b25de","0.976503407706182","0.0871255504831347","23","mouse_LPS","mouse","after","9"
"00075b38ca","0.922318765706989","1","24","mouse_LPS","mouse","after","9"
"00075b39cc","0.677113479400027","0.00496846316400768","18","mouse_LPS","mouse","after","9"
"00074d93c4","0.753902875128124","0.132706514439221","17","mouse_LPS","mouse","after","10"
"00074c0118","0.739095000094792","0.166957689724647","18","mouse_LPS","mouse","after","10"
"00074dad20","0.6644266594184","0.106380120886501","13","mouse_LPS","mouse","after","10"
"00074dd73c","1","1","24","mouse_LPS","mouse","after","10"
"00074d8c26","0.69119168181289","0.155137676292814","15","mouse_LPS","mouse","after","10"
"00074dbe5f","0.892218959359596","0.480053727333781","21","mouse_LPS","mouse","after","10"
"00074ddf16","0.75247087739207","0","16","mouse_LPS","mouse","after","10"
"00074ecdad","0.935746522041877","0.405641370047011","20","mouse_LPS","mouse","after","10"
"00074f1859","0.956472437317718","0.686903962390866","22","mouse_LPS","mouse","after","10"
"0007500d05","1","0.791269308260578","23","mouse_LPS","mouse","after","10"
"00074def43","0.825377165968769","0.048354600402955","18","mouse_LPS","mouse","after","10"
"00074d9e9e","0.450105955112073","0.00846205507051713","10","mouse_LPS","mouse","after","10"
"00075b3e1e","0.679703070367346","0.0517125587642713","17","mouse_LPS","mouse","after","10"
"00075b525f","0.843442169882731","0.165727170236753","14","mouse_LPS","mouse","after","11"
"00075b16a9","1","1","18","mouse_LPS","mouse","after","11"
"00075b6658","1","0.140924464487035","12","mouse_LPS","mouse","after","11"
"00075b22cb","0.616502743533052","0.0507328072153326","13","mouse_LPS","mouse","after","11"
"00074ee6e0","0.285498101498281","0","7","mouse_LPS","mouse","after","11"
"00074d99f3","0.804441440765546","0.357384441939121","15","mouse_LPS","mouse","after","11"
"00075b3362","0.954828588992867","0.140924464487035","12","mouse_LPS","mouse","after","11"
"00075d7b9e","0.804441440765546","0.0360766629086809","13","mouse_LPS","mouse","after","11"
"00074dd62e","0.86511824422261","0.2423900789177","14","mouse_LPS","mouse","after","11"
"00075b7157","0.444174059924012","0.205186020293123","10","mouse_LPS","mouse","after","11"
"00075d73fc","0.656709084584262","0.0620067643742954","10","mouse_LPS","mouse","after","11"
"00075e092e","0.871401279158917","0.186802715686664","22","mouse_LPS","mouse","after","12"
"00074da3ed","0.811580608507916","0.379838805733116","20","mouse_LPS","mouse","after","12"
"00074dd3df","0.871401279158917","0.577361337197761","23","mouse_LPS","mouse","after","12"
"00075b350a","1","1","26","mouse_LPS","mouse","after","12"
"00074fbd36","1","0.543177035772422","23","mouse_LPS","mouse","after","12"
"00075b2556","0.513496617473931","0.0142930877039743","11","mouse_LPS","mouse","after","12"
"00074bfc0b","0.931041650897284","0.402548933973875","23","mouse_LPS","mouse","after","12"
"00075a54f0","0.416532350741618","0","14","mouse_LPS","mouse","after","12"
"00075b5bcc","1","0.800849644657958","25","mouse_LPS","mouse","after","12"
"00075b22da","0.85201898624324","0.0706316750704729","20","mouse_LPS","mouse","after","12"
"00074f2ddd","0.890566906181885","0.552030809544606","23","mouse_LPS","mouse","after","12"
"00074f2268","0.956369239679184","0.383769404851709","23","mouse_LPS","mouse","after","12"
"00075b1074","0.80271418029369","0.337912415134792","22","mouse_LPS","mouse","after","12"
"00074eea3a","0.85201898624324","0.0335093500615397","19","mouse_LPS","mouse","after","12"
"11","0.020573214","0","5","Bats","Bats","Pre","1"
"12","0.24469463","0","8","Bats","Bats","Pre","1"
"13","0.227935","32.5","11","Bats","Bats","Pre","1"
"15","0.270107422","8","8","Bats","Bats","Pre","1"
"16","1","0","18","Bats","Bats","Pre","1"
"17","0.368498638","46.5","13","Bats","Bats","Pre","1"
"18","0.07614484","0","7","Bats","Bats","Pre","1"
"19","0.750514643","0","9","Bats","Bats","Pre","1"
"20","0.241337225","0","8","Bats","Bats","Pre","1"
"21","0.144362881","75","12","Bats","Bats","Pre","1"
"22","0.00432959","0","3","Bats","Bats","Pre","1"
"23","0.857975559","11","16","Bats","Bats","Pre","1"
"24","0.14429138","56","12","Bats","Bats","Pre","1"
"25","0.764833865","23.5","14","Bats","Bats","Pre","1"
"28","0.048411305","36","7","Bats","Bats","Pre","1"
"29","0.067613516","75","9","Bats","Bats","Pre","1"
"30","0.575508467","8","12","Bats","Bats","Pre","1"
"31","0.271946649","0","9","Bats","Bats","Pre","1"
"32","0.559460603","0","9","Bats","Bats","Pre","1"
"33","0.693385624","58","17","Bats","Bats","Pre","1"
"34","0.241060031","129.5","12","Bats","Bats","Pre","1"
"35","0.03250597","179.5","14","Bats","Bats","Pre","1"
"36","0.112019457","88","9","Bats","Bats","Pre","1"
"37","0.299384792","29","14","Bats","Bats","Pre","1"
"38","0.205837158","0","10","Bats","Bats","Pre","1"
"39","0.810112934","0","14","Bats","Bats","Pre","1"
"40","0.097468759","0","3","Bats","Bats","Pre","1"
"43","0.176135358","0","17","Bats","Bats","Pre","1"
"44","0.690367383","37","12","Bats","Bats","Pre","1"
"42","0.128635369","3","9","Bats","Bats","Pre","1"
"45","0.698574985","70.5","21","Bats","Bats","Pre","1"
"11","0.73856371","30","10","Bats","Bats","Post","1"
"12","0.43525994","0","8","Bats","Bats","Post","1"
"13","0.778653831","48","17","Bats","Bats","Post","1"
"15","0.1385763","27","11","Bats","Bats","Post","1"
"16","0.101705177","48","7","Bats","Bats","Post","1"
"17","0.149080836","32","10","Bats","Bats","Post","1"
"18","0.73697445","0","10","Bats","Bats","Post","1"
"19","0.773821552","0","11","Bats","Bats","Post","1"
"20","0.655604625","0","11","Bats","Bats","Post","1"
"21","0.711159349","2","10","Bats","Bats","Post","1"
"22","0.785515891","108","15","Bats","Bats","Post","1"
"23","0.003841739","0","1","Bats","Bats","Post","1"
"24","0.173251504","16","13","Bats","Bats","Post","1"
"25","0.1164027","0","7","Bats","Bats","Post","1"
"28","0.097761323","12","10","Bats","Bats","Post","1"
"29","0.822674778","0","12","Bats","Bats","Post","1"
"30","0.863601891","0","12","Bats","Bats","Post","1"
"31","0.157354835","0","9","Bats","Bats","Post","1"
"32","0.078794717","0","5","Bats","Bats","Post","1"
"33","0.148849173","2","11","Bats","Bats","Post","1"
"34","0.483183469","26","8","Bats","Bats","Post","1"
"35","0.289270195","79","18","Bats","Bats","Post","1"
"36","0.181507298","245","17","Bats","Bats","Post","1"
"37","0.35691801","27","11","Bats","Bats","Post","1"
"38","0.826503712","49","15","Bats","Bats","Post","1"
"39","0.565503807","0","15","Bats","Bats","Post","1"
"42","1","24","13","Bats","Bats","Post","1"
"44","0.425915515","1","8","Bats","Bats","Post","1"
"43","0.406648286","0","9","Bats","Bats","Post","1"
"45","0.140110921","0","9","Bats","Bats","Post","1"
"40","0.047583069","0","3","Bats","Bats","Post","1"
"NU100","0.978579040066922","0","6","LattanzioMiles","tree lizards","high burn",NA
"Nu101","0.978579040066922","0","6","LattanzioMiles","tree lizards","high burn",NA
"NU102","0.020001049119346","0.0317460317460317","2","LattanzioMiles","tree lizards","high burn",NA
"NU112","1","0","5","LattanzioMiles","tree lizards","high burn",NA
"NU113","1","0","5","LattanzioMiles","tree lizards","high burn",NA
"NU115","1","0","5","LattanzioMiles","tree lizards","high burn",NA
"NU116","0","0.158730158730159","4","LattanzioMiles","tree lizards","high burn",NA
"NU117","0","0","4","LattanzioMiles","tree lizards","high burn",NA
"NU118","0","0","4","LattanzioMiles","tree lizards","high burn",NA
"NU76","0.390902702043066","0.857142857142857","7","LattanzioMiles","tree lizards","high burn",NA
"NU77","0.154554488439754","1","8","LattanzioMiles","tree lizards","high burn",NA
"NU78","0.0553008380387301","0.0158730158730159","5","LattanzioMiles","tree lizards","high burn",NA
"NU79","0.0531948215867518","0.158730158730159","5","LattanzioMiles","tree lizards","high burn",NA
"NU82","1.95182726863834e-19","0","2","LattanzioMiles","tree lizards","high burn",NA
"NU84","0.0521876747265592","0","4","LattanzioMiles","tree lizards","high burn",NA
"NU86","0","0","2","LattanzioMiles","tree lizards","high burn",NA
"NU87","0","0","2","LattanzioMiles","tree lizards","high burn",NA
"NU89","0","0","2","LattanzioMiles","tree lizards","high burn",NA
"NU93","2.02490418388465e-17","0","1","LattanzioMiles","tree lizards","high burn",NA
"NU96","0","0","4","LattanzioMiles","tree lizards","high burn",NA
"NU95","0","0","4","LattanzioMiles","tree lizards","high burn",NA
"NU80","0.0521876747265592","0","4","LattanzioMiles","tree lizards","high burn",NA
"NU98","0","0","2","LattanzioMiles","tree lizards","high burn",NA
"NU108","0","0","2","LattanzioMiles","tree lizards","high burn",NA
"NU94","4.81967984409765e-18","0","1","LattanzioMiles","tree lizards","high burn",NA
"SU102","2.5862323710844e-18","0","1","LattanzioMiles","tree lizards","low burn",NA
"SU106","0.00873307792669876","0","1","LattanzioMiles","tree lizards","low burn",NA
"SU110","0.357824420784906","0","3","LattanzioMiles","tree lizards","low burn",NA
"SU111","0.104582709655578","0","3","LattanzioMiles","tree lizards","low burn",NA
"SU112","0.104582709655578","0","3","LattanzioMiles","tree lizards","low burn",NA
"SU114","0","0.0138888888888889","3","LattanzioMiles","tree lizards","low burn",NA
"SU116","0","0.347222222222222","5","LattanzioMiles","tree lizards","low burn",NA
"SU75","0","0.513888888888889","4","LattanzioMiles","tree lizards","low burn",NA
"SU76","0","0.277777777777778","3","LattanzioMiles","tree lizards","low burn",NA
"SU80","0","1","2","LattanzioMiles","tree lizards","low burn",NA
"SU87","0","0.888888888888889","3","LattanzioMiles","tree lizards","low burn",NA
"SU89","0.210673453499106","0.111111111111111","4","LattanzioMiles","tree lizards","low burn",NA
"SU91","9.92840423798846e-19","0","1","LattanzioMiles","tree lizards","low burn",NA
"SU93","1","0.194444444444444","12","LattanzioMiles","tree lizards","low burn",NA
"SU95","0","0.347222222222222","5","LattanzioMiles","tree lizards","low burn",NA
"SU98","0","0","3","LattanzioMiles","tree lizards","low burn",NA
"SU99","0","0.138888888888889","3","LattanzioMiles","tree lizards","low burn",NA
"SU100","0","0","1","LattanzioMiles","tree lizards","low burn",NA
"SU86","0","0","2","LattanzioMiles","tree lizards","low burn",NA
"SU96","0","0","4","LattanzioMiles","tree lizards","low burn",NA
"SU81","0","1","3","LattanzioMiles","tree lizards","low burn",NA
"SU94","0","0.972222222222222","2","LattanzioMiles","tree lizards","low burn",NA
"SU104","0","0","1","LattanzioMiles","tree lizards","low burn",NA
"CU138","0.793293539752792","0.463718467767051","8","LattanzioMiles","tree lizards","no burn",NA
"CU140","0.889273511971679","0.686390532544379","9","LattanzioMiles","tree lizards","no burn",NA
"CU141","0.0141395932458459","0.373715353472439","3","LattanzioMiles","tree lizards","no burn",NA
"CU145","2.68322304857851e-05","0","2","LattanzioMiles","tree lizards","no burn",NA
"CU147","0.539634940567317","0.483961382746808","8","LattanzioMiles","tree lizards","no burn",NA
"CU150","0.00188561472304255","0.661476175646216","3","LattanzioMiles","tree lizards","no burn",NA
"CU152","0","0","1","LattanzioMiles","tree lizards","no burn",NA
"CU154","0","0","1","LattanzioMiles","tree lizards","no burn",NA
"CU159","0.999999999999999","0.00404858299595142","7","LattanzioMiles","tree lizards","no burn",NA
"CU162","0.171430451126928","0.360012457178449","6","LattanzioMiles","tree lizards","no burn",NA
"CU165","0.101692125872758","0","5","LattanzioMiles","tree lizards","no burn",NA
"CU167","0.818207077651331","0.296169417626908","7","LattanzioMiles","tree lizards","no burn",NA
"CU170","0.163718215389914","0.352538150109","6","LattanzioMiles","tree lizards","no burn",NA
"CU171","0.0469232365137466","0.0560573030208658","4","LattanzioMiles","tree lizards","no burn",NA
"CU174","0.743091965302863","0.0379943942696979","5","LattanzioMiles","tree lizards","no burn",NA
"CU175","0.186633411033321","0","4","LattanzioMiles","tree lizards","no burn",NA
"CU177","0.158524413277967","0","4","LattanzioMiles","tree lizards","no burn",NA
"CU180","0.154841200253812","0.222360635316101","5","LattanzioMiles","tree lizards","no burn",NA
"CU185","1.41726036892464e-06","0","1","LattanzioMiles","tree lizards","no burn",NA
"CU187","1.06768671409529e-05","0.36624104640299","3","LattanzioMiles","tree lizards","no burn",NA
"CU45","0.140456396486679","1","4","LattanzioMiles","tree lizards","no burn",NA
"CU53","1","0.00404858299595142","7","LattanzioMiles","tree lizards","no burn",NA
"CU92","0.100720151516671","0","5","LattanzioMiles","tree lizards","no burn",NA
"CU95","0.675441115005506","0.255683587667393","8","LattanzioMiles","tree lizards","no burn",NA
"CU96","0.599345586046384","0.517595764559327","8","LattanzioMiles","tree lizards","no burn",NA
"CU78","0.0141395932458459","0.373715353472439","3","LattanzioMiles","tree lizards","no burn",NA
"CU143","0.000131200643989699","0.515727187791965","3","LattanzioMiles","tree lizards","no burn",NA
"CU178","0.158524413277967","0","4","LattanzioMiles","tree lizards","no burn",NA
"CU184","0","0","1","LattanzioMiles","tree lizards","no burn",NA
"CU58","0","0","1","LattanzioMiles","tree lizards","no burn",NA
"CU114","0.0692227032688283","0","4","LattanzioMiles","tree lizards","no burn",NA
"N12","0.990729765144569","0.740540540540541","5","burnsetal2020","wood ants","before","2b"
"N5","0.925908135380144","1","5","burnsetal2020","wood ants","before","2b"
"N9","0.310246346081041","0.0810810810810811","2","burnsetal2020","wood ants","before","2b"
"N1","0.444912463946209","0","2","burnsetal2020","wood ants","before","2b"
"N6","0.310979807818473","0.0432432432432432","2","burnsetal2020","wood ants","before","2b"
"N13","0.693222382438804","0.254054054054054","3","burnsetal2020","wood ants","before","2b"
"N18","0.0983729884899405","0","1","burnsetal2020","wood ants","before","2b"
"N11","0.444912463946209","0","2","burnsetal2020","wood ants","before","2b"
"N16","0.616936773601638","0","2","burnsetal2020","wood ants","before","2b"
"N7","0.317429669704858","0.356756756756757","2","burnsetal2020","wood ants","before","2b"
"T2","1","0.535135135135135","4","burnsetal2020","wood ants","before","2b"
"T3","0.690122188525924","0.524324324324324","3","burnsetal2020","wood ants","before","2b"
"N17","0.286943405224793","0","1","burnsetal2020","wood ants","before","2b"
"N51","1","0.925925925925926","3","burnsetal2020","wood ants","after","2b"
"N91","0.580180442413435","0.037037037037037","2","burnsetal2020","wood ants","after","2b"
"N121","0.78765425868081","1","3","burnsetal2020","wood ants","after","2b"
"N111","0.594321478106546","0.62962962962963","3","burnsetal2020","wood ants","after","2b"
"N131","0.710380730201791","0.259259259259259","2","burnsetal2020","wood ants","after","2b"
"N21","3.0268193798429e-16","0","1","burnsetal2020","wood ants","after","2b"
"N171","4.6821293359464e-16","0.037037037037037","2","burnsetal2020","wood ants","after","2b"
"N14","0.354095261787722","0","1","burnsetal2020","wood ants","after","2b"
"N71","4.85794768494253e-16","0.0740740740740741","2","burnsetal2020","wood ants","after","2b"
"N161","0.267181211879266","0","1","burnsetal2020","wood ants","after","2b"
"N181","3.1440127502654e-16","0","1","burnsetal2020","wood ants","after","2b"
"T21","0.803651977675698","0.925925925925926","2","burnsetal2020","wood ants","after","2b"
"T4","0.710380730201791","0.259259259259259","2","burnsetal2020","wood ants","after","2b"
"T1","0.267181211879266","0","1","burnsetal2020","wood ants","after","2b"
"N61","0.580180442413435","0.037037037037037","2","burnsetal2020","wood ants","after","2b"
"N19","5.51388289047167e-16","0.0740740740740741","2","burnsetal2020","wood ants","after","2b"
"T5","2.14426169797146e-16","0","1","burnsetal2020","wood ants","after","2b"
"N20","2.28825737057094e-16","0","1","burnsetal2020","wood ants","after","2b"
"N2","1","1","4","burnsetal2020","wood ants","before","2a"
"N4","0.916158326716938","0","3","burnsetal2020","wood ants","before","2a"
"N3","0.990993297433125","0.625","4","burnsetal2020","wood ants","before","2a"
"N52","0.349887889912187","0.625","2","burnsetal2020","wood ants","before","2a"
"T22","0.916158326716938","0","3","burnsetal2020","wood ants","before","2a"
"T11","0.312301138207564","0","1","burnsetal2020","wood ants","before","2a"
"T31","0.110263496784137","0","1","burnsetal2020","wood ants","before","2a"
"N41","0.599676410072793","0.384615384615385","2","burnsetal2020","wood ants","after","2a"
"N31","0.599676410072793","0.384615384615385","2","burnsetal2020","wood ants","after","2a"
"N22","1","1","4","burnsetal2020","wood ants","after","2a"
"T23","0.280776406404415","0","1","burnsetal2020","wood ants","after","2a"
"T12","0.280776406404415","0","1","burnsetal2020","wood ants","after","2a"
"N53","0.468213192462135","0","1","burnsetal2020","wood ants","after","2a"
"N62","0.468213192462136","0","1","burnsetal2020","wood ants","after","2a"
"N32","0.521386825201084","0.203703703703704","3","burnsetal2020","wood ants","before","12"
"N54","0.396006338264429","0.388888888888889","3","burnsetal2020","wood ants","before","12"
"N42","1","1","6","burnsetal2020","wood ants","before","12"
"N141","0.207585766010152","0","2","burnsetal2020","wood ants","before","12"
"N172","0.655646513121524","0.0925925925925926","3","burnsetal2020","wood ants","before","12"
"N191","0.415171532020305","0","2","burnsetal2020","wood ants","before","12"
"N15","0.448060747111372","0.37037037037037","3","burnsetal2020","wood ants","before","12"
"T24","0.165077494245604","0","1","burnsetal2020","wood ants","before","12"
"T51","0.125380486936656","0","1","burnsetal2020","wood ants","before","12"
"T32","0.481689817892136","0","2","burnsetal2020","wood ants","before","12"
"T7","0.655646513121524","0.0925925925925926","3","burnsetal2020","wood ants","before","12"
"T6","0.207585766010152","0","2","burnsetal2020","wood ants","before","12"
"T41","0.125380486936655","0","1","burnsetal2020","wood ants","before","12"
"N33","0.673425311685878","0.607142857142857","4","burnsetal2020","wood ants","after","12"
"N55","2.71453254884275e-17","0.0102040816326531","2","burnsetal2020","wood ants","after","12"
"N43","0.980758203599928","1","5","burnsetal2020","wood ants","after","12"
"N151","1","0.969387755102041","4","burnsetal2020","wood ants","after","12"
"N173","0.681981200994614","0.73469387755102","3","burnsetal2020","wood ants","after","12"
"N192","0.480855773089576","0.571428571428571","3","burnsetal2020","wood ants","after","12"
"N211","0.238964150941752","0.479591836734694","3","burnsetal2020","wood ants","after","12"
"N24","0.326040255187261","0.0816326530612245","2","burnsetal2020","wood ants","after","12"
"N25","0.234233846563332","0.00510204081632653","2","burnsetal2020","wood ants","after","12"
"N142","0.560573690901058","0","2","burnsetal2020","wood ants","after","12"
"N23","0.098555054122889","0.173469387755102","2","burnsetal2020","wood ants","after","12"
"T52","0","0","1","burnsetal2020","wood ants","after","12"
"T61","0.560573690901058","0","2","burnsetal2020","wood ants","after","12"
"T15","0.326040255187261","0.0816326530612245","2","burnsetal2020","wood ants","after","12"
"T25","0.241901112852916","0","1","burnsetal2020","wood ants","after","12"
"T42","0","0","1","burnsetal2020","wood ants","after","12"
"T13","0.352298163988694","0","1","burnsetal2020","wood ants","after","12"
"T71","0.417702680930253","0","2","burnsetal2020","wood ants","after","12"
"T111","0.0858383150167743","0","1","burnsetal2020","wood ants","after","12"
"T17","0.352298163988694","0","1","burnsetal2020","wood ants","after","12"
"T14","0.352298163988694","0","1","burnsetal2020","wood ants","after","12"
"T10","0.0354019619635662","0","1","burnsetal2020","wood ants","after","12"
"N143","0.335108667362271","0.185430463576159","2","burnsetal2020","wood ants","before","10"
"N8","0.237629530306663","0.225165562913907","3","burnsetal2020","wood ants","before","10"
"N241","0.2306192085588","0.198675496688742","2","burnsetal2020","wood ants","before","10"
"N112","0.689775720949029","0.278145695364238","3","burnsetal2020","wood ants","before","10"
"N56","0.574816979891055","0.701986754966887","4","burnsetal2020","wood ants","before","10"
"N26","0.434725941527416","0.397350993377483","2","burnsetal2020","wood ants","before","10"
"N92","0.176131722237361","0","2","burnsetal2020","wood ants","before","10"
"N63","1","1","5","burnsetal2020","wood ants","before","10"
"N72","0.620211149454977","0.0596026490066225","2","burnsetal2020","wood ants","before","10"
"N212","0.862739869606346","0.317880794701987","3","burnsetal2020","wood ants","before","10"
"T8","0.263306546923464","0.132450331125828","3","burnsetal2020","wood ants","before","10"
"N251","0.0810869095495757","0","1","burnsetal2020","wood ants","before","10"
"N27","0.236403670234051","0.304635761589404","2","burnsetal2020","wood ants","before","10"
"T26","0.202108630704551","0","1","burnsetal2020","wood ants","before","10"
"N221","0.763941987938285","0.0529801324503311","3","burnsetal2020","wood ants","before","10"
"T53","0.351605185258891","0","1","burnsetal2020","wood ants","before","10"
"T43","0.202108630704551","0","1","burnsetal2020","wood ants","before","10"
"N113","1","1","3","burnsetal2020","wood ants","after","10"
"N311","0","0","1","burnsetal2020","wood ants","after","10"
"N144","0.672816364803188","0.428571428571429","2","burnsetal2020","wood ants","after","10"
"N34","0.618033988749894","0.714285714285714","2","burnsetal2020","wood ants","after","10"
"N29","0","0.142857142857143","2","burnsetal2020","wood ants","after","10"
"N81","0","0","1","burnsetal2020","wood ants","after","10"
"N73","0","0","1","burnsetal2020","wood ants","after","10"
"N331","0.415823381635518","0.428571428571429","2","burnsetal2020","wood ants","after","10"
"N213","0.8134732861516","0.857142857142857","2","burnsetal2020","wood ants","after","10"
"N222","0.502754139781758","0","1","burnsetal2020","wood ants","after","10"
"N30","0","0","1","burnsetal2020","wood ants","after","10"
"T81","0.338261212717717","0","1","burnsetal2020","wood ants","after","10"
"N93","0","0.142857142857143","2","burnsetal2020","wood ants","after","10"
"N35","0.209056926535307","0","1","burnsetal2020","wood ants","after","10"
"N57","0.817775262207026","0.441558441558442","4","burnsetal2020","wood ants","before","9"
"N110","0.594034210695426","0.220779220779221","3","burnsetal2020","wood ants","before","9"
"N36","1","1","5","burnsetal2020","wood ants","before","9"
"N64","0.767656159141892","0.61038961038961","4","burnsetal2020","wood ants","before","9"
"N223","0.580052502552842","0.909090909090909","3","burnsetal2020","wood ants","before","9"
"N44","0.475875590175113","0.311688311688312","2","burnsetal2020","wood ants","before","9"
"N74","0.295600117448415","0.220779220779221","2","burnsetal2020","wood ants","before","9"
"N82","0.0350862653059955","0.415584415584416","2","burnsetal2020","wood ants","before","9"
"N94","0.0135106115176255","0.220779220779221","2","burnsetal2020","wood ants","before","9"
"N28","0.0895511063326302","0.584415584415584","2","burnsetal2020","wood ants","before","9"
"T101","0.88018261942526","0.545454545454545","3","burnsetal2020","wood ants","before","9"
"T27","0.542671987134494","0","2","burnsetal2020","wood ants","before","9"
"T44","0.340439360393491","0","1","burnsetal2020","wood ants","before","9"
"T9","0.278402887211379","0","1","burnsetal2020","wood ants","before","9"
"T54","0.26134037182039","0","1","burnsetal2020","wood ants","before","9"
"N291","0.227959424326143","0.727272727272727","2","burnsetal2020","wood ants","before","9"
"T82","0.100633914916379","0","1","burnsetal2020","wood ants","before","9"
"N301","0.00459954394358541","0","1","burnsetal2020","wood ants","before","9"
"N10","0.202232626741003","0","1","burnsetal2020","wood ants","before","9"
"N114","0.102950517398912","1","5","burnsetal2020","wood ants","after","9"
"N58","1","0.98989898989899","6","burnsetal2020","wood ants","after","9"
"N45","0.460039801216644","0.98989898989899","4","burnsetal2020","wood ants","after","9"
"N39","0.225177141799252","0.888888888888889","3","burnsetal2020","wood ants","after","9"
"N101","0.0335247158823975","0.484848484848485","2","burnsetal2020","wood ants","after","9"
"N332","0.0109065468860307","0.343434343434343","2","burnsetal2020","wood ants","after","9"
"N95","0.00351623665798037","0.181818181818182","2","burnsetal2020","wood ants","after","9"
"N65","0.809243997659112","0.181818181818182","4","burnsetal2020","wood ants","after","9"
"N75","3.75731906781366e-17","0","1","burnsetal2020","wood ants","after","9"
"N37","1.06548902514562e-16","0.0101010101010101","2","burnsetal2020","wood ants","after","9"
"N321","0.322396877281481","0.181818181818182","2","burnsetal2020","wood ants","after","9"
"N411","0.755043169901073","0","3","burnsetal2020","wood ants","after","9"
"T28","0.0303133307311244","0","1","burnsetal2020","wood ants","after","9"
"T102","0.755043169901074","0","3","burnsetal2020","wood ants","after","9"
"T45","0.201759139643046","0","2","burnsetal2020","wood ants","after","9"
"N341","0.0303133307311244","0","1","burnsetal2020","wood ants","after","9"
"N38","0.0010353405445186","0","1","burnsetal2020","wood ants","after","9"
"T91","0.294445637545137","0","1","burnsetal2020","wood ants","after","9"
"T55","0.238278364820313","0","1","burnsetal2020","wood ants","after","9"
"T72","7.33206015482772e-17","0","1","burnsetal2020","wood ants","after","9"
"N40","0.135456712565373","0","1","burnsetal2020","wood ants","after","9"
"N312","0.0949283540737069","0","1","burnsetal2020","wood ants","after","9"
"T33","0.0303133307311244","0","1","burnsetal2020","wood ants","after","9"
"N122","0.595401430037491","0.56935817805383","4","burnsetal2020","wood ants","before","8"
"N310","0.598388837519853","0.62111801242236","5","burnsetal2020","wood ants","before","8"
"N66","0.143131920770279","0.981366459627329","6","burnsetal2020","wood ants","before","8"
"N96","0.884632826162456","0.58592132505176","5","burnsetal2020","wood ants","before","8"
"N162","0.0540865029242221","0","2","burnsetal2020","wood ants","before","8"
"N76","1","0.610766045548654","6","burnsetal2020","wood ants","before","8"
"N193","0.340699213208081","0.418219461697723","3","burnsetal2020","wood ants","before","8"
"N132","0.295975974942277","1","3","burnsetal2020","wood ants","before","8"
"N152","0.610289980013341","0.180124223602484","3","burnsetal2020","wood ants","before","8"
"N174","0.226118390895373","0","2","burnsetal2020","wood ants","before","8"
"T56","0.0392534576956314","0","1","burnsetal2020","wood ants","before","8"
"T92","0.0540865029242222","0","2","burnsetal2020","wood ants","before","8"
"T16","0.336043274705503","0.151138716356108","2","burnsetal2020","wood ants","before","8"
"T62","0.0392534576956314","0","1","burnsetal2020","wood ants","before","8"
"T73","0.437533585831195","0","2","burnsetal2020","wood ants","before","8"
"T34","0.164106167182807","0","1","burnsetal2020","wood ants","before","8"
"T29","0.226118390895373","0","2","burnsetal2020","wood ants","before","8"
"N182","0.437533585831195","0","2","burnsetal2020","wood ants","before","8"
"T46","0.680960510472859","0.186335403726708","3","burnsetal2020","wood ants","before","8"
"T103","0.0392534576956314","0","1","burnsetal2020","wood ants","before","8"
"N67","1","1","15","burnsetal2020","wood ants","after","8"
"N123","0.336734414512889","0","2","burnsetal2020","wood ants","after","8"
"N313","0.0850447628593234","0.31875","4","burnsetal2020","wood ants","after","8"
"N97","0.273331717186958","0.375","2","burnsetal2020","wood ants","after","8"
"T57","0.2519082406026","0","1","burnsetal2020","wood ants","after","8"
"T63","0.2519082406026","0","1","burnsetal2020","wood ants","after","8"
"T74","0.336734414512889","0","2","burnsetal2020","wood ants","after","8"
"T93","0.2519082406026","0","1","burnsetal2020","wood ants","after","8"
"T83","0.2519082406026","0","1","burnsetal2020","wood ants","after","8"
"T141","0.2519082406026","0","1","burnsetal2020","wood ants","after","8"
"T35","0.2519082406026","0","1","burnsetal2020","wood ants","after","8"
"T171","0.2519082406026","0","1","burnsetal2020","wood ants","after","8"
"T110","0.0214234765843575","0","1","burnsetal2020","wood ants","after","8"
"T104","0.2519082406026","0","1","burnsetal2020","wood ants","after","8"
"T112","0.2519082406026","0","1","burnsetal2020","wood ants","after","8"
"T19","0.0214234765843575","0","1","burnsetal2020","wood ants","after","8"
"T18","0.2519082406026","0","1","burnsetal2020","wood ants","after","8"
"T161","0.2519082406026","0","1","burnsetal2020","wood ants","after","8"
"N224","0.0214234765843576","0","1","burnsetal2020","wood ants","after","8"
"T47","0.2519082406026","0","1","burnsetal2020","wood ants","after","8"
"N175","0.909761477130244","0.154882154882155","3","burnsetal2020","wood ants","before","7"
"N59","0.891067262035931","0.444444444444444","4","burnsetal2020","wood ants","before","7"
"N98","1","0.828282828282828","4","burnsetal2020","wood ants","before","7"
"N183","0.383793011761057","0.0740740740740741","2","burnsetal2020","wood ants","before","7"
"N68","0.383021372695616","0.276094276094276","3","burnsetal2020","wood ants","before","7"
"N214","0.240793861959959","0.383838383838384","2","burnsetal2020","wood ants","before","7"
"N194","0.173710472862983","0","1","burnsetal2020","wood ants","before","7"
"N163","0.098130288576436","0.276094276094276","4","burnsetal2020","wood ants","before","7"
"N201","0.259031776321478","0.572390572390572","2","burnsetal2020","wood ants","before","7"
"N133","0.788764235713773","0.0707070707070707","3","burnsetal2020","wood ants","before","7"
"N225","0.0919602278715025","0.269360269360269","2","burnsetal2020","wood ants","before","7"
"N231","0.0345665806083429","0.141414141414141","2","burnsetal2020","wood ants","before","7"
"N252","0.146570794704025","0.484848484848485","3","burnsetal2020","wood ants","before","7"
"T210","0.935373456987696","0.468013468013468","3","burnsetal2020","wood ants","before","7"
"N102","0.520148696816388","0.171717171717172","3","burnsetal2020","wood ants","before","7"
"T48","0.12791500617961","0","1","burnsetal2020","wood ants","before","7"
"N115","0.629059129427981","1","4","burnsetal2020","wood ants","before","7"
"T36","0.56100173967607","0","2","burnsetal2020","wood ants","before","7"
"N153","0.12791500617961","0","1","burnsetal2020","wood ants","before","7"
"T113","0.0327718956812287","0","1","burnsetal2020","wood ants","before","7"
"N242","0.0115439625235691","0","1","burnsetal2020","wood ants","before","7"
"N261","0.0817211331046325","0","2","burnsetal2020","wood ants","before","7"
"N271","0.0327718956812288","0","1","burnsetal2020","wood ants","before","7"
"N302","1","1","2","burnsetal2020","wood ants","after","7"
"N371","8.83177008009623e-17","0","1","burnsetal2020","wood ants","after","7"
"T75","0.707106781186548","0","1","burnsetal2020","wood ants","after","7"
"T84","1.61915784801764e-16","0","1","burnsetal2020","wood ants","after","7"
"N322","0.707106781186548","0","1","burnsetal2020","wood ants","after","7"
"N124","1","1","8","burnsetal2020","wood ants","before","6"
"N46","0.136349987171087","0","2","burnsetal2020","wood ants","before","6"
"N77","0.607919200922335","0.42","4","burnsetal2020","wood ants","before","6"
"N314","0.0373816728360903","0.329142857142857","2","burnsetal2020","wood ants","before","6"
"N510","0.415717428665639","0.768","5","burnsetal2020","wood ants","before","6"
"N154","0.752658708084333","0.68","6","burnsetal2020","wood ants","before","6"
"N253","0.402152614164471","0.4","4","burnsetal2020","wood ants","before","6"
"N69","0.345075684332654","0.188571428571429","2","burnsetal2020","wood ants","before","6"
"N195","0.143675950817916","0.473142857142857","3","burnsetal2020","wood ants","before","6"
"N323","0.255755227100436","0.181714285714286","4","burnsetal2020","wood ants","before","6"
"N210","0.0096871754454605","0.171428571428571","2","burnsetal2020","wood ants","before","6"
"N99","0.325690663785807","0.0754285714285714","3","burnsetal2020","wood ants","before","6"
"N262","0.104214783173123","0.171428571428571","2","burnsetal2020","wood ants","before","6"
"N281","0.188725275949534","0.171428571428571","3","burnsetal2020","wood ants","before","6"
"N303","0.434368413436681","0.08","3","burnsetal2020","wood ants","before","6"
"N232","0.29704974566224","0","2","burnsetal2020","wood ants","before","6"
"N243","0.640531270339451","0.137714285714286","4","burnsetal2020","wood ants","before","6"
"T58","0.578153560867976","0.0577142857142857","4","burnsetal2020","wood ants","before","6"
"T211","0.472513457736109","0.629142857142857","5","burnsetal2020","wood ants","before","6"
"T64","0.203898786730483","0.0102857142857143","2","burnsetal2020","wood ants","before","6"
"T37","0.183457668530599","0","1","burnsetal2020","wood ants","before","6"
"T49","0.183457668530599","0","1","burnsetal2020","wood ants","before","6"
"N315","0.341769312911312","0","2","burnsetal2020","wood ants","before","6"
"T114","0.00236121179863098","0","1","burnsetal2020","wood ants","before","6"
"T76","0.0254019530259932","0","1","burnsetal2020","wood ants","before","6"
"N292","0.04600106096775","0","1","burnsetal2020","wood ants","before","6"
"N272","0.0623393540450508","0","1","burnsetal2020","wood ants","before","6"
"N78","0.043638114743974","0.507258320126783","4","burnsetal2020","wood ants","after","6"
"N254","1","0.35080824088748","7","burnsetal2020","wood ants","after","6"
"N155","0.0396309205036489","0.69026941362916","3","burnsetal2020","wood ants","after","6"
"N125","0.592380362549973","0.444564183835182","4","burnsetal2020","wood ants","after","6"
"N304","0.407228738285282","0.457559429477021","4","burnsetal2020","wood ants","after","6"
"N910","0.0254518832259861","0.203549920760697","2","burnsetal2020","wood ants","after","6"
"N316","0.00489397784797732","0.114104595879556","2","burnsetal2020","wood ants","after","6"
"N372","0.000890154724690951","0","1","burnsetal2020","wood ants","after","6"
"N324","0.0311155428150536","0.519175911251981","5","burnsetal2020","wood ants","after","6"
"N421","0.131423962254608","0.421109350237718","2","burnsetal2020","wood ants","after","6"
"N263","0.404315412089155","0","2","burnsetal2020","wood ants","after","6"
"N381","0.573385066399176","0.163993660855785","3","burnsetal2020","wood ants","after","6"
"N196","0.0155893127089053","0.327099841521395","3","burnsetal2020","wood ants","after","6"
"N342","0.00984860765296213","0.220602218700475","2","burnsetal2020","wood ants","after","6"
"N412","0.458461052940574","0","2","burnsetal2020","wood ants","after","6"
"N431","0.456140141422231","0","2","burnsetal2020","wood ants","after","6"
"N244","0.073922365051846","0.44608557844691","3","burnsetal2020","wood ants","after","6"
"N333","0.0218465187998237","0","2","burnsetal2020","wood ants","after","6"
"N273","0.0218465187998239","0","2","burnsetal2020","wood ants","after","6"
"N47","0.00448830749689702","0","1","burnsetal2020","wood ants","after","6"
"N441","0.191834725708582","0.345293185419968","2","burnsetal2020","wood ants","after","6"
"N391","0.00976815207367507","0.114104595879556","2","burnsetal2020","wood ants","after","6"
"T77","0.404315412089155","0","2","burnsetal2020","wood ants","after","6"
"T65","0.58431910216303","0.0178129952456418","3","burnsetal2020","wood ants","after","6"
"T212","0.0447643324846857","1","6","burnsetal2020","wood ants","after","6"
"T59","0.117244924976945","0","1","burnsetal2020","wood ants","after","6"
"N351","0.00309178913702097","0.114104595879556","2","burnsetal2020","wood ants","after","6"
"T410","0.0492482848346581","0.449635499207607","2","burnsetal2020","wood ants","after","6"
"N610","0.0212829334715331","0","1","burnsetal2020","wood ants","after","6"
"T115","0.0014090215441106","0","1","burnsetal2020","wood ants","after","6"
"N511","0.0125638173544332","0","1","burnsetal2020","wood ants","after","6"
"N401","0.00281234144197142","0","1","burnsetal2020","wood ants","after","6"
"N116","0.955638514291332","0.126315789473684","5","burnsetal2020","wood ants","before","3"
"N156","0.969645549049322","0.919078947368421","7","burnsetal2020","wood ants","before","3"
"N164","0.305136682280864","0.375","4","burnsetal2020","wood ants","before","3"
"N282","0.262005345111518","0","2","burnsetal2020","wood ants","before","3"
"N512","0.960733236908538","0.232565789473684","6","burnsetal2020","wood ants","before","3"
"N611","0.505825675299094","0","3","burnsetal2020","wood ants","before","3"
"N215","0.52599841258068","0.197368421052632","4","burnsetal2020","wood ants","before","3"
"N264","0.324166404511289","0.888157894736842","7","burnsetal2020","wood ants","before","3"
"N79","1","0.183552631578947","5","burnsetal2020","wood ants","before","3"
"N202","0.889117944016279","1","6","burnsetal2020","wood ants","before","3"
"N255","0.0840420543921283","0","2","burnsetal2020","wood ants","before","3"
"T38","0.605837614813023","0.0736842105263158","3","burnsetal2020","wood ants","before","3"
"T510","0.275285640062064","0","2","burnsetal2020","wood ants","before","3"
"T66","0.0840420543921283","0","2","burnsetal2020","wood ants","before","3"
"T213","0.855626574777404","0.306907894736842","5","burnsetal2020","wood ants","before","3"
"T411","0.20939223111452","0","1","burnsetal2020","wood ants","before","3"
"T105","0.0700028239798978","0","1","burnsetal2020","wood ants","before","3"
"T116","0.113587878870738","0","1","burnsetal2020","wood ants","before","3"
"T117","0.0700028239798977","0","1","burnsetal2020","wood ants","before","3"
"T142","0.0700028239798977","0","1","burnsetal2020","wood ants","before","3"
"T131","0.0700028239798978","0","1","burnsetal2020","wood ants","before","3"
"T121","0.0700028239798978","0","1","burnsetal2020","wood ants","before","3"
"N513","1","0.347079037800687","6","burnsetal2020","wood ants","after","3"
"N612","0.575285619962496","0.0979381443298969","4","burnsetal2020","wood ants","after","3"
"N117","0.846316003994794","0.266323024054983","4","burnsetal2020","wood ants","after","3"
"N265","0.37604147533998","0.838487972508591","6","burnsetal2020","wood ants","after","3"
"N157","0.322760312152651","0.515463917525773","5","burnsetal2020","wood ants","after","3"
"N305","0.125501915150846","0.189003436426117","3","burnsetal2020","wood ants","after","3"
"N203","0.760139355980916","1","6","burnsetal2020","wood ants","after","3"
"N293","0.125501915150847","0.189003436426117","3","burnsetal2020","wood ants","after","3"
"N165","0.116242738732425","0.185567010309278","3","burnsetal2020","wood ants","after","3"
"N283","0.115590146877328","0.185567010309278","2","burnsetal2020","wood ants","after","3"
"N710","0.732488287618836","0.189003436426117","3","burnsetal2020","wood ants","after","3"
"N256","0.0454364678538079","0","2","burnsetal2020","wood ants","after","3"
"N343","0.035269617248532","0.0962199312714777","2","burnsetal2020","wood ants","after","3"
"T39","0.518867450767314","0","2","burnsetal2020","wood ants","after","3"
"T214","0.161671665330956","0","1","burnsetal2020","wood ants","after","3"
"T511","0.090704852264272","0","1","burnsetal2020","wood ants","after","3"
"T181","0.035269617248532","0","1","burnsetal2020","wood ants","after","3"
"T412","0.0907048522642719","0","1","burnsetal2020","wood ants","after","3"
"T20","0.035269617248532","0","1","burnsetal2020","wood ants","after","3"
"T162","0.035269617248532","0","1","burnsetal2020","wood ants","after","3"
"T118","0.10567837860381","0","1","burnsetal2020","wood ants","after","3"
"T94","0.442700183550298","0","2","burnsetal2020","wood ants","after","3"
"N334","0.0907048522642719","0","1","burnsetal2020","wood ants","after","3"
"T67","0.0454364678538079","0","2","burnsetal2020","wood ants","after","3"
"T106","0.213620836851522","0","1","burnsetal2020","wood ants","after","3"
"N361","0.213620836851522","0","1","burnsetal2020","wood ants","after","3"
"T151","0.035269617248532","0","1","burnsetal2020","wood ants","after","3"
"N216","0.442700183550298","0","2","burnsetal2020","wood ants","after","3"
"T122","0.10567837860381","0","1","burnsetal2020","wood ants","after","3"
"T221","0.00991176827351831","0","1","burnsetal2020","wood ants","after","3"
"1","0.9193521","0","7","Stickleback","Stickleback","Pre","1"
"2","0.9519159","0","7","Stickleback","Stickleback","Pre","1"
"3","0.6212931","1","7","Stickleback","Stickleback","Pre","1"
"4","0.907135","0","7","Stickleback","Stickleback","Pre","1"
"5","0.9149391","0","7","Stickleback","Stickleback","Pre","1"
"6","0.9272654","0","7","Stickleback","Stickleback","Pre","1"
"7","1","0","7","Stickleback","Stickleback","Pre","1"
"8","0.9266887","0","7","Stickleback","Stickleback","Pre","1"
"1","0.8931906","0","7","Stickleback","Stickleback","Pre","2"
"2","0.9367534","0","7","Stickleback","Stickleback","Pre","2"
"3","0.8899568","0","7","Stickleback","Stickleback","Pre","2"
"4","0.956018","0","7","Stickleback","Stickleback","Pre","2"
"5","0.9180608","0","7","Stickleback","Stickleback","Pre","2"
"6","0.9448126","0","7","Stickleback","Stickleback","Pre","2"
"7","1","0","7","Stickleback","Stickleback","Pre","2"
"8","0.7002136","2.5","7","Stickleback","Stickleback","Pre","2"
"1","0.5983031","1","7","Stickleback","Stickleback","Pre","3"
"2","0.9313987","0","7","Stickleback","Stickleback","Pre","3"
"3","0.9995586","0","7","Stickleback","Stickleback","Pre","3"
"4","0.9557386","0","7","Stickleback","Stickleback","Pre","3"
"5","0.9616343","0","7","Stickleback","Stickleback","Pre","3"
"6","0.8741231","0","7","Stickleback","Stickleback","Pre","3"
"7","0.9322896","0","7","Stickleback","Stickleback","Pre","3"
"8","1","0","7","Stickleback","Stickleback","Pre","3"
"1","0.7735401","0","7","Stickleback","Stickleback","Pre","4"
"2","0.837444","0","7","Stickleback","Stickleback","Pre","4"
"3","0.8475433","0","7","Stickleback","Stickleback","Pre","4"
"4","0.8587836","0","7","Stickleback","Stickleback","Pre","4"
"5","0.8475547","0","7","Stickleback","Stickleback","Pre","4"
"6","0.9006986","0","7","Stickleback","Stickleback","Pre","4"
"7","1","0","7","Stickleback","Stickleback","Pre","4"
"8","0.9667976","0","7","Stickleback","Stickleback","Pre","4"
"1","0.9174172","0","7","Stickleback","Stickleback","Pre","5"
"2","0.9904137","0","7","Stickleback","Stickleback","Pre","5"
"3","1","0","7","Stickleback","Stickleback","Pre","5"
"4","0.9798541","0","7","Stickleback","Stickleback","Pre","5"
"5","0.9803009","0","7","Stickleback","Stickleback","Pre","5"
"6","0.8888098","0","7","Stickleback","Stickleback","Pre","5"
"7","0.8116549","0","7","Stickleback","Stickleback","Pre","5"
"8","0.7693426","0","7","Stickleback","Stickleback","Pre","5"
"1","0.6613892","7.5","7","Stickleback","Stickleback","Post","1"
"2","0.8964368","0","7","Stickleback","Stickleback","Post","1"
"3","0.9672783","0","7","Stickleback","Stickleback","Post","1"
"4","0.7492157","7","7","Stickleback","Stickleback","Post","1"
"5","0.6997787","1.5","7","Stickleback","Stickleback","Post","1"
"6","0.9392357","0","7","Stickleback","Stickleback","Post","1"
"7","1","0","7","Stickleback","Stickleback","Post","1"
"8","0.8445789","0","7","Stickleback","Stickleback","Post","1"
"1","0.9719645","0","7","Stickleback","Stickleback","Post","2"
"2","1","0","7","Stickleback","Stickleback","Post","2"
"3","0.9646775","0","7","Stickleback","Stickleback","Post","2"
"4","0.7878185","0","7","Stickleback","Stickleback","Post","2"
"5","0.9451097","0","7","Stickleback","Stickleback","Post","2"
"6","0.6078792","6.5","7","Stickleback","Stickleback","Post","2"
"7","0.8142784","0","7","Stickleback","Stickleback","Post","2"
"8","0.8435326","0","7","Stickleback","Stickleback","Post","2"
"1","0.9312533","0","7","Stickleback","Stickleback","Post","3"
"2","0.8357536","0","7","Stickleback","Stickleback","Post","3"
"3","0.7658094","0","7","Stickleback","Stickleback","Post","3"
"4","0.8863799","0","7","Stickleback","Stickleback","Post","3"
"5","0.932712","0","7","Stickleback","Stickleback","Post","3"
"6","1","0","7","Stickleback","Stickleback","Post","3"
"7","0.9016649","0","7","Stickleback","Stickleback","Post","3"
"8","0.9868626","0","7","Stickleback","Stickleback","Post","3"
"1","0.6971832","1","7","Stickleback","Stickleback","Post","4"
"2","0.7112575","2","7","Stickleback","Stickleback","Post","4"
"3","1","0","7","Stickleback","Stickleback","Post","4"
"4","0.9313944","0","7","Stickleback","Stickleback","Post","4"
"5","0.9409604","0","7","Stickleback","Stickleback","Post","4"
"6","0.8588045","0","7","Stickleback","Stickleback","Post","4"
"7","0.8631261","0","7","Stickleback","Stickleback","Post","4"
"8","0.9143643","0","7","Stickleback","Stickleback","Post","4"
"1","0.9996923","0","7","Stickleback","Stickleback","Post","5"
"2","0.9495983","0","7","Stickleback","Stickleback","Post","5"
"3","0.7220583","0","7","Stickleback","Stickleback","Post","5"
"4","0.6792755","0","7","Stickleback","Stickleback","Post","5"
"5","0.9729858","0","7","Stickleback","Stickleback","Post","5"
"6","0.8672443","0","7","Stickleback","Stickleback","Post","5"
"7","1","0","7","Stickleback","Stickleback","Post","5"
"8","0.9874585","0","7","Stickleback","Stickleback","Post","5"
